family,rep,method,kind,mag,E_cost,E_fuel,E_emission,E_recourse,CVaR_cost,P_trigger,E_returns,E_return_km,P_late,E_late_min,P_defer,n_veh
nyc_manhattan,1,DET,demand_mean,0.1,52.95837,39.25837,92.64976,13.7,67.00925,0.88,2.48,15.36982,0.0,0.0,0.0,6.0
nyc_manhattan,1,DET,demand_mean,0.2,57.76117,42.15117,99.47675,15.61,71.9494,0.955,3.435,24.06521,0.0,0.0,0.0,6.0
nyc_manhattan,1,DET,demand_mean,0.3,62.1001,44.9501,106.08223,17.15,75.42266,0.99,4.205,32.68422,0.0,0.0,0.0,6.0
nyc_manhattan,1,DET,demand_var,0.25,48.28955,36.64955,86.49293,11.64,62.25062,0.67,1.45,8.80809,0.0,0.0,0.0,6.0
nyc_manhattan,1,DET,demand_var,0.5,48.51319,36.77319,86.78473,11.74,62.76997,0.68,1.5,9.49197,0.0,0.0,0.0,6.0
nyc_manhattan,1,DET,congestion,0.1,48.02145,36.48145,86.09621,11.54,61.23921,0.665,1.4,7.93303,0.0,0.0,0.0,6.0
nyc_manhattan,1,DET,congestion,0.2,48.02145,36.48145,86.09621,11.54,61.23921,0.665,1.4,7.93303,0.0,0.0,0.0,6.0
nyc_manhattan,1,DET,feas_drop,0.2,48.02145,36.48145,86.09621,11.54,61.23921,0.665,1.4,7.93303,0.0,0.0,0.0,6.0
nyc_manhattan,1,SAA,demand_mean,0.1,46.74768,34.78768,82.09892,11.96,57.49316,0.565,0.92,7.16672,0.0,0.0,0.0,8.0
nyc_manhattan,1,SAA,demand_mean,0.2,50.0661,36.7261,86.67359,13.34,61.96247,0.77,1.61,11.95512,0.0,0.0,0.0,8.0
nyc_manhattan,1,SAA,demand_mean,0.3,53.92894,38.86894,91.7307,15.06,66.94895,0.91,2.47,17.82579,0.0,0.0,0.0,8.0
nyc_manhattan,1,SAA,demand_var,0.25,44.02072,33.03072,77.95249,10.99,53.05382,0.33,0.435,3.51309,0.0,0.0,0.0,8.0
nyc_manhattan,1,SAA,demand_var,0.5,44.34823,33.16823,78.27701,11.18,54.52607,0.355,0.53,4.19125,0.0,0.0,0.0,8.0
nyc_manhattan,1,SAA,congestion,0.1,43.87036,32.97036,77.81006,10.9,52.80924,0.315,0.39,3.16512,0.0,0.0,0.0,8.0
nyc_manhattan,1,SAA,congestion,0.2,43.87036,32.97036,77.81006,10.9,52.80924,0.315,0.39,3.16512,0.0,0.0,0.0,8.0
nyc_manhattan,1,SAA,feas_drop,0.2,43.87036,32.97036,77.81006,10.9,52.80924,0.315,0.39,3.16512,0.0,0.0,0.0,8.0
nyc_manhattan,1,Q90C,demand_mean,0.1,42.32483,32.89233,77.6259,9.4325,50.72961,0.055,0.06,0.33029,0.0,0.0,0.0,9.0
nyc_manhattan,1,Q90C,demand_mean,0.2,43.78711,34.02461,80.29807,9.7625,53.41601,0.165,0.225,1.3467,0.0,0.0,0.0,9.0
nyc_manhattan,1,Q90C,demand_mean,0.3,45.73215,35.33965,83.40157,10.3925,58.1946,0.315,0.54,3.22877,0.0,0.0,0.0,9.0
nyc_manhattan,1,Q90C,demand_var,0.25,41.36908,31.96658,75.44113,9.4025,49.71233,0.04,0.045,0.30193,0.0,0.0,0.0,9.0
nyc_manhattan,1,Q90C,demand_var,0.5,41.38215,31.96965,75.44837,9.4125,49.79742,0.045,0.05,0.32171,0.0,0.0,0.0,9.0
nyc_manhattan,1,Q90C,congestion,0.1,41.35376,31.96126,75.42857,9.3925,49.58161,0.035,0.04,0.265,0.0,0.0,0.0,9.0
nyc_manhattan,1,Q90C,congestion,0.2,41.35376,31.96126,75.42857,9.3925,49.58161,0.035,0.04,0.265,0.0,0.0,0.0,9.0
nyc_manhattan,1,Q90C,feas_drop,0.2,41.35376,31.96126,75.42857,9.3925,49.58161,0.035,0.04,0.265,0.0,0.0,0.0,9.0
nyc_manhattan,1,RO,demand_mean,0.1,47.15139,37.28889,88.00177,9.8625,54.83505,0.005,0.01,0.03939,0.0,0.0,0.0,13.0
nyc_manhattan,1,RO,demand_mean,0.2,47.97924,38.10674,89.9319,9.8725,55.75576,0.01,0.015,0.05249,0.0,0.0,0.0,13.0
nyc_manhattan,1,RO,demand_mean,0.3,48.83866,38.94616,91.91293,9.8925,56.78383,0.02,0.025,0.17142,0.0,0.0,0.0,13.0
nyc_manhattan,1,RO,demand_var,0.25,46.33555,36.47305,86.07639,9.8625,54.02774,0.005,0.01,0.03939,0.0,0.0,0.0,13.0
nyc_manhattan,1,RO,demand_var,0.5,46.33526,36.47276,86.07572,9.8625,54.08038,0.005,0.01,0.03939,0.0,0.0,0.0,13.0
nyc_manhattan,1,RO,congestion,0.1,46.33632,36.47382,86.07823,9.8625,53.98443,0.005,0.01,0.03939,0.0,0.0,0.0,13.0
nyc_manhattan,1,RO,congestion,0.2,46.33632,36.47382,86.07823,9.8625,53.98443,0.005,0.01,0.03939,0.0,0.0,0.0,13.0
nyc_manhattan,1,RO,feas_drop,0.2,46.33632,36.47382,86.07823,9.8625,53.98443,0.005,0.01,0.03939,0.0,0.0,0.0,13.0
nyc_manhattan,1,DFR,demand_mean,0.1,43.34023,31.79273,75.03083,11.5475,57.79288,0.43,0.81,6.9185,0.0,0.0,0.0,7.0
nyc_manhattan,1,DFR,demand_mean,0.2,47.52417,34.09667,80.46815,13.4275,64.06768,0.665,1.75,13.03795,0.0,0.0,0.0,7.0
nyc_manhattan,1,DFR,demand_mean,0.3,52.51455,36.86705,87.00623,15.6475,69.21272,0.855,2.86,21.44955,0.0,0.0,0.0,7.0
nyc_manhattan,1,DFR,demand_var,0.25,40.94676,30.07926,70.98706,10.8675,52.90525,0.29,0.47,3.68724,0.0,0.0,0.0,7.0
nyc_manhattan,1,DFR,demand_var,0.5,41.20572,30.21822,71.31499,10.9875,53.72624,0.315,0.53,4.36159,0.0,0.0,0.0,7.0
nyc_manhattan,1,DFR,congestion,0.1,40.52607,29.87857,70.51341,10.6475,51.18599,0.24,0.36,2.70864,0.0,0.0,0.0,7.0
nyc_manhattan,1,DFR,congestion,0.2,40.52607,29.87857,70.51341,10.6475,51.18599,0.24,0.36,2.70864,0.0,0.0,0.0,7.0
nyc_manhattan,1,DFR,feas_drop,0.2,40.52607,29.87857,70.51341,10.6475,51.18599,0.24,0.36,2.70864,0.0,0.0,0.0,7.0
nyc_manhattan,2,DET,demand_mean,0.1,51.95371,36.14371,85.29914,15.81,64.57356,0.94,3.03,15.04061,0.0,0.0,0.0,6.0
nyc_manhattan,2,DET,demand_mean,0.2,56.38113,38.56113,91.00427,17.82,68.58666,0.99,4.035,22.48563,0.0,0.0,0.0,6.0
nyc_manhattan,2,DET,demand_mean,0.3,59.8706,40.8606,96.43101,19.01,70.95288,1.0,4.63,29.56548,0.0,0.0,0.0,6.0
nyc_manhattan,2,DET,demand_var,0.25,47.00826,33.75826,79.66949,13.25,61.19149,0.685,1.75,8.38432,0.0,0.0,0.0,6.0
nyc_manhattan,2,DET,demand_var,0.5,47.186,33.846,79.87657,13.34,61.71909,0.69,1.795,8.92452,0.0,0.0,0.0,6.0
nyc_manhattan,2,DET,congestion,0.1,46.85848,33.65848,79.43401,13.2,60.73947,0.68,1.725,7.7511,0.0,0.0,0.0,6.0
nyc_manhattan,2,DET,congestion,0.2,46.85848,33.65848,79.43401,13.2,60.73947,0.68,1.725,7.7511,0.0,0.0,0.0,6.0
nyc_manhattan,2,DET,feas_drop,0.2,46.85848,33.65848,79.43401,13.2,60.73947,0.68,1.725,7.7511,0.0,0.0,0.0,6.0
nyc_manhattan,2,SAA,demand_mean,0.1,47.76303,33.43303,78.90194,14.33,62.5568,0.635,1.38,8.26376,0.0,0.0,0.0,7.0
nyc_manhattan,2,SAA,demand_mean,0.2,52.60641,36.05641,85.09314,16.55,67.89729,0.865,2.49,16.02396,0.0,0.0,0.0,7.0
nyc_manhattan,2,SAA,demand_mean,0.3,57.46135,38.81135,91.59479,18.65,71.36825,0.975,3.54,24.6793,0.0,0.0,0.0,7.0
nyc_manhattan,2,SAA,demand_var,0.25,44.40308,31.50308,74.34726,12.9,57.37208,0.385,0.665,3.97068,0.0,0.0,0.0,7.0
nyc_manhattan,2,SAA,demand_var,0.5,44.72451,31.66451,74.72825,13.06,58.31234,0.42,0.745,4.76923,0.0,0.0,0.0,7.0
nyc_manhattan,2,SAA,congestion,0.1,44.12309,31.37309,74.04049,12.75,56.43233,0.35,0.59,3.28459,0.0,0.0,0.0,7.0
nyc_manhattan,2,SAA,congestion,0.2,44.12309,31.37309,74.04049,12.75,56.43233,0.35,0.59,3.28459,0.0,0.0,0.0,7.0
nyc_manhattan,2,SAA,feas_drop,0.2,44.12309,31.37309,74.04049,12.75,56.43233,0.35,0.59,3.28459,0.0,0.0,0.0,7.0
nyc_manhattan,2,Q90C,demand_mean,0.1,41.49338,31.43588,74.18868,10.0575,49.62027,0.04,0.045,0.33512,0.0,0.0,0.0,9.0
nyc_manhattan,2,Q90C,demand_mean,0.2,42.75429,32.47679,76.64522,10.2775,51.89742,0.135,0.155,1.05632,0.0,0.0,0.0,9.0
nyc_manhattan,2,Q90C,demand_mean,0.3,44.4533,33.6658,79.4513,10.7875,56.20696,0.26,0.41,2.46494,0.0,0.0,0.0,9.0
nyc_manhattan,2,Q90C,demand_var,0.25,40.54887,30.52137,72.03044,10.0275,48.67309,0.025,0.03,0.21275,0.0,0.0,0.0,9.0
nyc_manhattan,2,Q90C,demand_var,0.5,40.59337,30.54587,72.08826,10.0475,48.83279,0.035,0.04,0.33048,0.0,0.0,0.0,9.0
nyc_manhattan,2,Q90C,congestion,0.1,40.52308,30.50558,71.99317,10.0175,48.50012,0.02,0.025,0.12593,0.0,0.0,0.0,9.0
nyc_manhattan,2,Q90C,congestion,0.2,40.52308,30.50558,71.99317,10.0175,48.50012,0.02,0.025,0.12593,0.0,0.0,0.0,9.0
nyc_manhattan,2,Q90C,feas_drop,0.2,40.52308,30.50558,71.99317,10.0175,48.50012,0.02,0.025,0.12593,0.0,0.0,0.0,9.0
nyc_manhattan,2,RO,demand_mean,0.1,44.41641,34.16891,80.63862,10.2475,52.7699,0.015,0.02,0.09416,0.0,0.0,0.0,11.0
nyc_manhattan,2,RO,demand_mean,0.2,45.236,34.9785,82.54927,10.2575,53.69709,0.02,0.025,0.15049,0.0,0.0,0.0,11.0
nyc_manhattan,2,RO,demand_mean,0.3,46.12468,35.81718,84.52855,10.3075,54.9208,0.04,0.05,0.33315,0.0,0.0,0.0,11.0
nyc_manhattan,2,RO,demand_var,0.25,43.57303,33.35553,78.71905,10.2175,51.81765,0.005,0.005,0.03523,0.0,0.0,0.0,11.0
nyc_manhattan,2,RO,demand_var,0.5,43.61608,33.36858,78.74985,10.2475,52.04991,0.015,0.02,0.09416,0.0,0.0,0.0,11.0
nyc_manhattan,2,RO,congestion,0.1,43.55577,33.34827,78.70192,10.2075,51.76392,0.0,0.0,0.0,0.0,0.0,0.0,11.0
nyc_manhattan,2,RO,congestion,0.2,43.55577,33.34827,78.70192,10.2075,51.76392,0.0,0.0,0.0,0.0,0.0,0.0,11.0
nyc_manhattan,2,RO,feas_drop,0.2,43.55577,33.34827,78.70192,10.2075,51.76392,0.0,0.0,0.0,0.0,0.0,0.0,11.0
nyc_manhattan,2,DFR,demand_mean,0.1,46.02527,32.37027,76.39384,13.655,59.78009,0.58,1.095,8.11213,0.0,0.0,0.0,7.0
nyc_manhattan,2,DFR,demand_mean,0.2,50.36588,34.73088,81.96489,15.635,66.1024,0.81,1.96,14.96318,0.0,0.0,0.005,7.0
nyc_manhattan,2,DFR,demand_mean,0.3,55.28557,37.38057,88.21814,17.905,71.78823,0.935,3.095,23.43963,0.0,0.0,0.005,7.0
nyc_manhattan,2,DFR,demand_var,0.25,43.02836,30.53336,72.05873,12.495,54.99762,0.335,0.515,3.97037,0.0,0.0,0.0,7.0
nyc_manhattan,2,DFR,demand_var,0.5,43.33831,30.68331,72.41262,12.655,56.11347,0.37,0.595,4.74698,0.0,0.0,0.0,7.0
nyc_manhattan,2,DFR,congestion,0.1,42.89631,30.35131,71.6291,12.545,55.91614,0.3,0.415,3.04415,0.0,0.0,0.005,7.0
nyc_manhattan,2,DFR,congestion,0.2,43.14465,30.34965,71.62517,12.795,58.39948,0.3,0.415,3.04415,0.0,0.0,0.005,7.0
nyc_manhattan,2,DFR,feas_drop,0.2,42.64641,30.35141,71.62934,12.295,53.41715,0.3,0.415,3.04415,0.0,0.0,0.0,7.0
nyc_queens,1,DET,demand_mean,0.1,51.67104,43.86104,103.51205,7.81,62.54532,0.915,1.99,31.49761,0.0,0.0,0.0,3.0
nyc_queens,1,DET,demand_mean,0.2,56.55051,47.51051,112.1248,9.04,65.72982,0.985,2.605,43.1555,0.0,0.0,0.0,3.0
nyc_queens,1,DET,demand_mean,0.3,59.83509,50.25509,118.60202,9.58,68.03666,1.0,2.875,50.75147,0.0,0.0,0.0,3.0
nyc_queens,1,DET,demand_var,0.25,45.30827,39.29827,92.74391,6.01,58.22031,0.645,1.09,15.9601,0.0,0.0,0.0,3.0
nyc_queens,1,DET,demand_var,0.5,45.4988,39.4388,93.07557,6.06,58.82335,0.655,1.115,16.74783,0.0,0.0,0.0,3.0
nyc_queens,1,DET,congestion,0.1,45.11088,39.18088,92.46687,5.93,57.75675,0.63,1.05,15.36386,0.0,0.0,0.0,3.0
nyc_queens,1,DET,congestion,0.2,45.11088,39.18088,92.46687,5.93,57.75675,0.63,1.05,15.36386,0.0,0.0,0.0,3.0
nyc_queens,1,DET,feas_drop,0.2,45.11088,39.18088,92.46687,5.93,57.75675,0.63,1.05,15.36386,0.0,0.0,0.0,3.0
nyc_queens,1,SAA,demand_mean,0.1,45.64693,40.62443,95.87366,5.0225,59.4002,0.585,0.82,13.80827,0.0,0.0,0.0,4.0
nyc_queens,1,SAA,demand_mean,0.2,50.84881,44.63631,105.3417,6.2125,65.41367,0.82,1.415,26.92907,0.0,0.0,0.0,4.0
nyc_queens,1,SAA,demand_mean,0.3,56.30945,48.86695,115.32601,7.4425,68.66221,0.965,2.03,41.36575,0.0,0.0,0.0,4.0
nyc_queens,1,SAA,demand_var,0.25,41.81456,37.66206,88.88245,4.1525,52.28522,0.34,0.385,5.71959,0.0,0.0,0.0,4.0
nyc_queens,1,SAA,demand_var,0.5,42.27567,38.00317,89.68747,4.2725,54.48387,0.37,0.445,7.33732,0.0,0.0,0.0,4.0
nyc_queens,1,SAA,congestion,0.1,41.52703,37.45453,88.3927,4.0725,51.02539,0.32,0.345,4.73187,0.0,0.0,0.0,4.0
nyc_queens,1,SAA,congestion,0.2,41.52703,37.45453,88.3927,4.0725,51.02539,0.32,0.345,4.73187,0.0,0.0,0.0,4.0
nyc_queens,1,SAA,feas_drop,0.2,41.52703,37.45453,88.3927,4.0725,51.02539,0.32,0.345,4.73187,0.0,0.0,0.0,4.0
nyc_queens,1,Q90C,demand_mean,0.1,45.23385,41.75135,98.53318,3.4825,52.43098,0.02,0.025,0.43888,0.0,0.0,0.0,5.0
nyc_queens,1,Q90C,demand_mean,0.2,46.82852,43.20602,101.9662,3.6225,56.75251,0.085,0.095,1.91732,0.0,0.0,0.0,5.0
nyc_queens,1,Q90C,demand_mean,0.3,49.27447,45.19197,106.65306,4.0825,62.20238,0.24,0.325,5.91494,0.0,0.0,0.0,5.0
nyc_queens,1,Q90C,demand_var,0.25,44.01456,40.55206,95.70286,3.4625,50.71328,0.015,0.015,0.16298,0.0,0.0,0.0,5.0
nyc_queens,1,Q90C,demand_var,0.5,44.05341,40.58091,95.77096,3.4725,51.01109,0.02,0.02,0.29575,0.0,0.0,0.0,5.0
nyc_queens,1,Q90C,congestion,0.1,43.99713,40.54463,95.68534,3.4525,50.62547,0.01,0.01,0.12854,0.0,0.0,0.0,5.0
nyc_queens,1,Q90C,congestion,0.2,43.99713,40.54463,95.68534,3.4525,50.62547,0.01,0.01,0.12854,0.0,0.0,0.0,5.0
nyc_queens,1,Q90C,feas_drop,0.2,43.99713,40.54463,95.68534,3.4525,50.62547,0.01,0.01,0.12854,0.0,0.0,0.0,5.0
nyc_queens,1,RO,demand_mean,0.1,47.91117,43.56117,102.80436,4.35,53.96509,0.01,0.01,0.18409,0.0,0.0,0.0,6.0
nyc_queens,1,RO,demand_mean,0.2,49.08041,44.70041,105.49297,4.38,55.5463,0.025,0.025,0.44196,0.0,0.0,0.0,6.0
nyc_queens,1,RO,demand_mean,0.3,50.26328,45.84328,108.19013,4.42,57.431,0.04,0.045,0.70797,0.0,0.0,0.0,6.0
nyc_queens,1,RO,demand_var,0.25,46.7657,42.4357,100.14825,4.33,52.43749,0.0,0.0,0.0,0.0,0.0,0.0,6.0
nyc_queens,1,RO,demand_var,0.5,46.82533,42.47533,100.24179,4.35,52.96104,0.01,0.01,0.18409,0.0,0.0,0.0,6.0
nyc_queens,1,RO,congestion,0.1,46.7657,42.4357,100.14825,4.33,52.3766,0.0,0.0,0.0,0.0,0.0,0.0,6.0
nyc_queens,1,RO,congestion,0.2,46.7657,42.4357,100.14825,4.33,52.3766,0.0,0.0,0.0,0.0,0.0,0.0,6.0
nyc_queens,1,RO,feas_drop,0.2,46.7657,42.4357,100.14825,4.33,52.3766,0.0,0.0,0.0,0.0,0.0,0.0,6.0
nyc_queens,1,DFR,demand_mean,0.1,45.64693,40.62443,95.87366,5.0225,59.4002,0.585,0.82,13.80827,0.0,0.0,0.0,4.0
nyc_queens,1,DFR,demand_mean,0.2,50.84881,44.63631,105.3417,6.2125,65.41367,0.82,1.415,26.92907,0.0,0.0,0.0,4.0
nyc_queens,1,DFR,demand_mean,0.3,56.30945,48.86695,115.32601,7.4425,68.66221,0.965,2.03,41.36575,0.0,0.0,0.0,4.0
nyc_queens,1,DFR,demand_var,0.25,41.81456,37.66206,88.88245,4.1525,52.28522,0.34,0.385,5.71959,0.0,0.0,0.0,4.0
nyc_queens,1,DFR,demand_var,0.5,42.27567,38.00317,89.68747,4.2725,54.48387,0.37,0.445,7.33732,0.0,0.0,0.0,4.0
nyc_queens,1,DFR,congestion,0.1,41.52703,37.45453,88.3927,4.0725,51.02539,0.32,0.345,4.73187,0.0,0.0,0.0,4.0
nyc_queens,1,DFR,congestion,0.2,41.52703,37.45453,88.3927,4.0725,51.02539,0.32,0.345,4.73187,0.0,0.0,0.0,4.0
nyc_queens,1,DFR,feas_drop,0.2,41.52703,37.45453,88.3927,4.0725,51.02539,0.32,0.345,4.73187,0.0,0.0,0.0,4.0
nyc_queens,2,DET,demand_mean,0.1,52.39161,45.37161,107.077,7.02,66.48891,0.83,1.69,27.32385,0.0,0.0,0.0,4.0
nyc_queens,2,DET,demand_mean,0.2,58.07193,49.65193,117.17856,8.42,69.94989,0.965,2.39,41.61028,0.0,0.0,0.0,4.0
nyc_queens,2,DET,demand_mean,0.3,62.3019,53.1319,125.39128,9.17,73.73164,1.0,2.765,52.53959,0.0,0.0,0.0,4.0
nyc_queens,2,DET,demand_var,0.25,46.78897,41.27897,97.41836,5.51,62.43741,0.545,0.935,14.36532,0.0,0.0,0.0,4.0
nyc_queens,2,DET,demand_var,0.5,47.01078,41.46078,97.84743,5.55,63.26557,0.555,0.955,15.36522,0.0,0.0,0.0,4.0
nyc_queens,2,DET,congestion,0.1,46.52098,41.08098,96.95111,5.44,61.65838,0.54,0.9,13.34223,0.0,0.0,0.0,4.0
nyc_queens,2,DET,congestion,0.2,46.52098,41.08098,96.95111,5.44,61.65838,0.54,0.9,13.34223,0.0,0.0,0.0,4.0
nyc_queens,2,DET,feas_drop,0.2,46.52098,41.08098,96.95111,5.44,61.65838,0.54,0.9,13.34223,0.0,0.0,0.0,4.0
nyc_queens,2,SAA,demand_mean,0.1,44.42978,40.27978,95.06027,4.15,56.89702,0.245,0.315,4.66071,0.0,0.0,0.0,4.0
nyc_queens,2,SAA,demand_mean,0.2,47.93572,42.88572,101.21029,5.05,65.06201,0.45,0.765,11.26713,0.0,0.0,0.0,4.0
nyc_queens,2,SAA,demand_mean,0.3,52.24665,46.03665,108.64648,6.21,70.1211,0.685,1.345,20.54685,0.0,0.0,0.0,4.0
nyc_queens,2,SAA,demand_var,0.25,42.49992,38.63992,91.19022,3.86,54.05193,0.15,0.17,2.66147,0.0,0.0,0.0,4.0
nyc_queens,2,SAA,demand_var,0.5,42.61229,38.71229,91.36101,3.9,54.47948,0.17,0.19,3.00715,0.0,0.0,0.0,4.0
nyc_queens,2,SAA,congestion,0.1,42.27738,38.49738,90.85381,3.78,52.53499,0.125,0.13,1.96916,0.0,0.0,0.0,4.0
nyc_queens,2,SAA,congestion,0.2,42.27738,38.49738,90.85381,3.78,52.53499,0.125,0.13,1.96916,0.0,0.0,0.0,4.0
nyc_queens,2,SAA,feas_drop,0.2,42.27738,38.49738,90.85381,3.78,52.53499,0.125,0.13,1.96916,0.0,0.0,0.0,4.0
nyc_queens,2,Q90C,demand_mean,0.1,45.32748,41.42248,97.75706,3.905,54.06786,0.065,0.07,1.25676,0.0,0.0,0.0,5.0
nyc_queens,2,Q90C,demand_mean,0.2,46.88703,42.84203,101.10719,4.045,57.92761,0.12,0.14,2.47196,0.0,0.0,0.0,5.0
nyc_queens,2,Q90C,demand_mean,0.3,48.99729,44.62229,105.30861,4.375,62.95366,0.225,0.305,5.43266,0.0,0.0,0.0,5.0
nyc_queens,2,Q90C,demand_var,0.25,43.93589,40.10089,94.63811,3.835,52.038,0.03,0.035,0.57176,0.0,0.0,0.0,5.0
nyc_queens,2,Q90C,demand_var,0.5,44.07863,40.19363,94.85697,3.885,52.84786,0.055,0.06,1.02442,0.0,0.0,0.0,5.0
nyc_queens,2,Q90C,congestion,0.1,43.84365,40.03865,94.49121,3.805,51.08418,0.02,0.02,0.26995,0.0,0.0,0.0,5.0
nyc_queens,2,Q90C,congestion,0.2,43.84365,40.03865,94.49121,3.805,51.08418,0.02,0.02,0.26995,0.0,0.0,0.0,5.0
nyc_queens,2,Q90C,feas_drop,0.2,43.84365,40.03865,94.49121,3.805,51.08418,0.02,0.02,0.26995,0.0,0.0,0.0,5.0
nyc_queens,2,RO,demand_mean,0.1,48.86832,45.18582,106.63853,3.6825,57.14855,0.015,0.02,0.44782,0.0,0.0,0.0,6.0
nyc_queens,2,RO,demand_mean,0.2,50.21716,46.47466,109.6802,3.7425,59.84124,0.045,0.05,1.15169,0.0,0.0,0.0,6.0
nyc_queens,2,RO,demand_mean,0.3,51.71071,47.86821,112.96898,3.8425,62.77344,0.095,0.1,2.33504,0.0,0.0,0.0,6.0
nyc_queens,2,RO,demand_var,0.25,47.61284,43.96034,103.74641,3.6525,55.27575,0.005,0.005,0.05814,0.0,0.0,0.0,6.0
nyc_queens,2,RO,demand_var,0.5,47.74726,44.05476,103.96923,3.6925,56.22461,0.02,0.025,0.50597,0.0,0.0,0.0,6.0
nyc_queens,2,RO,congestion,0.1,47.61275,43.96025,103.74619,3.6525,55.10766,0.005,0.005,0.05814,0.0,0.0,0.0,6.0
nyc_queens,2,RO,congestion,0.2,47.61275,43.96025,103.74619,3.6525,55.10766,0.005,0.005,0.05814,0.0,0.0,0.0,6.0
nyc_queens,2,RO,feas_drop,0.2,47.61275,43.96025,103.74619,3.6525,55.10766,0.005,0.005,0.05814,0.0,0.0,0.0,6.0
nyc_queens,2,DFR,demand_mean,0.1,44.42978,40.27978,95.06027,4.15,56.89702,0.245,0.315,4.66071,0.0,0.0,0.0,4.0
nyc_queens,2,DFR,demand_mean,0.2,47.93572,42.88572,101.21029,5.05,65.06201,0.45,0.765,11.26713,0.0,0.0,0.0,4.0
nyc_queens,2,DFR,demand_mean,0.3,52.24665,46.03665,108.64648,6.21,70.1211,0.685,1.345,20.54685,0.0,0.0,0.0,4.0
nyc_queens,2,DFR,demand_var,0.25,42.49992,38.63992,91.19022,3.86,54.05193,0.15,0.17,2.66147,0.0,0.0,0.0,4.0
nyc_queens,2,DFR,demand_var,0.5,42.61229,38.71229,91.36101,3.9,54.47948,0.17,0.19,3.00715,0.0,0.0,0.0,4.0
nyc_queens,2,DFR,congestion,0.1,42.27738,38.49738,90.85381,3.78,52.53499,0.125,0.13,1.96916,0.0,0.0,0.0,4.0
nyc_queens,2,DFR,congestion,0.2,42.27738,38.49738,90.85381,3.78,52.53499,0.125,0.13,1.96916,0.0,0.0,0.0,4.0
nyc_queens,2,DFR,feas_drop,0.2,42.27738,38.49738,90.85381,3.78,52.53499,0.125,0.13,1.96916,0.0,0.0,0.0,4.0
nyc_brooklyn,1,DET,demand_mean,0.1,35.01227,28.79977,67.96747,6.2125,54.2826,0.76,1.405,9.96208,0.0,0.0,0.02,4.0
nyc_brooklyn,1,DET,demand_mean,0.2,39.01452,31.15202,73.51877,7.8625,57.85826,0.9,2.23,17.27547,0.0,0.0,0.02,4.0
nyc_brooklyn,1,DET,demand_mean,0.3,43.61966,33.53716,79.14769,10.0825,67.67131,0.985,2.965,25.03229,0.0,0.0,0.03,4.0
nyc_brooklyn,1,DET,demand_var,0.25,31.05528,26.95278,63.60856,4.1025,42.79615,0.485,0.725,5.25606,0.0,0.0,0.005,4.0
nyc_brooklyn,1,DET,demand_var,0.5,31.52264,27.06014,63.86193,4.4625,46.3378,0.515,0.78,5.82783,0.0,0.0,0.01,4.0
nyc_brooklyn,1,DET,congestion,0.1,32.25167,26.81917,63.29324,5.4325,56.87409,0.46,0.64,4.54884,0.0,0.0,0.025,4.0
nyc_brooklyn,1,DET,congestion,0.2,34.74473,26.81223,63.27686,7.9325,81.22386,0.46,0.64,4.54884,0.0,0.0,0.055,4.0
nyc_brooklyn,1,DET,feas_drop,0.2,30.75411,26.82161,63.29899,3.9325,41.95862,0.46,0.64,4.54884,0.0,0.0,0.005,4.0
nyc_brooklyn,1,SAA,demand_mean,0.1,33.36767,28.38267,66.9831,4.985,45.5986,0.575,1.085,10.02691,0.0,0.0,0.0,5.0
nyc_brooklyn,1,SAA,demand_mean,0.2,37.27265,30.70765,72.47006,6.565,48.74914,0.81,1.875,16.9322,0.0,0.0,0.0,5.0
nyc_brooklyn,1,SAA,demand_mean,0.3,41.76129,33.35629,78.72084,8.405,51.32412,0.96,2.795,25.56486,0.0,0.0,0.0,5.0
nyc_brooklyn,1,SAA,demand_var,0.25,30.4653,26.5203,62.58791,3.945,41.29109,0.375,0.565,5.49498,0.0,0.0,0.0,5.0
nyc_brooklyn,1,SAA,demand_var,0.5,30.67499,26.61999,62.82317,4.055,42.13487,0.39,0.62,6.02617,0.0,0.0,0.0,5.0
nyc_brooklyn,1,SAA,congestion,0.1,30.33588,26.35088,62.18808,3.985,42.61264,0.315,0.46,4.65364,0.0,0.0,0.005,5.0
nyc_brooklyn,1,SAA,congestion,0.2,30.58447,26.34947,62.18475,4.235,45.09851,0.315,0.46,4.65364,0.0,0.0,0.005,5.0
nyc_brooklyn,1,SAA,feas_drop,0.2,30.08676,26.35176,62.19015,3.735,40.12141,0.315,0.46,4.65364,0.0,0.0,0.0,5.0
nyc_brooklyn,1,Q90C,demand_mean,0.1,29.67084,27.17084,64.12319,2.5,35.79697,0.06,0.07,0.82237,0.0,0.0,0.0,6.0
nyc_brooklyn,1,Q90C,demand_mean,0.2,31.01051,28.21051,66.57682,2.8,38.62314,0.18,0.22,2.14608,0.0,0.0,0.0,6.0
nyc_brooklyn,1,Q90C,demand_mean,0.3,33.07566,29.62566,69.91657,3.45,44.44599,0.35,0.545,5.2485,0.0,0.0,0.0,6.0
nyc_brooklyn,1,Q90C,demand_var,0.25,28.75526,26.32526,62.12762,2.43,34.1349,0.03,0.035,0.41571,0.0,0.0,0.0,6.0
nyc_brooklyn,1,Q90C,demand_var,0.5,28.86266,26.38266,62.26307,2.48,34.79466,0.055,0.06,0.69013,0.0,0.0,0.0,6.0
nyc_brooklyn,1,Q90C,congestion,0.1,28.67923,26.27923,62.01897,2.4,33.69077,0.015,0.02,0.19513,0.0,0.0,0.0,6.0
nyc_brooklyn,1,Q90C,congestion,0.2,28.67923,26.27923,62.01897,2.4,33.69077,0.015,0.02,0.19513,0.0,0.0,0.0,6.0
nyc_brooklyn,1,Q90C,feas_drop,0.2,28.67923,26.27923,62.01897,2.4,33.69077,0.015,0.02,0.19513,0.0,0.0,0.0,6.0
nyc_brooklyn,1,RO,demand_mean,0.1,32.99612,30.61112,72.24224,2.385,37.38923,0.005,0.005,0.04436,0.0,0.0,0.0,8.0
nyc_brooklyn,1,RO,demand_mean,0.2,33.7044,31.2994,73.86659,2.405,38.31241,0.015,0.015,0.16163,0.0,0.0,0.0,8.0
nyc_brooklyn,1,RO,demand_mean,0.3,34.51687,32.02187,75.5716,2.495,39.66957,0.05,0.06,0.43806,0.0,0.0,0.0,8.0
nyc_brooklyn,1,RO,demand_var,0.25,32.33255,29.94755,70.67621,2.385,36.73639,0.005,0.005,0.04436,0.0,0.0,0.0,8.0
nyc_brooklyn,1,RO,demand_var,0.5,32.33259,29.94759,70.67631,2.385,36.80146,0.005,0.005,0.04436,0.0,0.0,0.0,8.0
nyc_brooklyn,1,RO,congestion,0.1,32.33251,29.94751,70.67612,2.385,36.66442,0.005,0.005,0.04436,0.0,0.0,0.0,8.0
nyc_brooklyn,1,RO,congestion,0.2,32.33251,29.94751,70.67612,2.385,36.66442,0.005,0.005,0.04436,0.0,0.0,0.0,8.0
nyc_brooklyn,1,RO,feas_drop,0.2,32.33251,29.94751,70.67612,2.385,36.66442,0.005,0.005,0.04436,0.0,0.0,0.0,8.0
nyc_brooklyn,1,DFR,demand_mean,0.1,30.9635,27.2485,64.30647,3.715,40.44508,0.38,0.455,6.15261,0.0,0.0,0.0,5.0
nyc_brooklyn,1,DFR,demand_mean,0.2,33.5839,29.0789,68.62621,4.505,44.0726,0.57,0.85,10.91104,0.0,0.0,0.0,5.0
nyc_brooklyn,1,DFR,demand_mean,0.3,37.0477,31.3027,73.87436,5.745,47.37026,0.825,1.47,17.69747,0.0,0.0,0.0,5.0
nyc_brooklyn,1,DFR,demand_var,0.25,29.14845,25.83345,60.96695,3.315,37.07798,0.235,0.255,3.46128,0.0,0.0,0.0,5.0
nyc_brooklyn,1,DFR,demand_var,0.5,29.30588,25.93088,61.19689,3.375,37.71932,0.255,0.285,3.94404,0.0,0.0,0.0,5.0
nyc_brooklyn,1,DFR,congestion,0.1,29.13669,25.69169,60.63238,3.445,38.96762,0.18,0.195,2.77166,0.0,0.0,0.005,5.0
nyc_brooklyn,1,DFR,congestion,0.2,29.38527,25.69027,60.62905,3.695,41.4535,0.18,0.195,2.77166,0.0,0.0,0.005,5.0
nyc_brooklyn,1,DFR,feas_drop,0.2,28.88756,25.69256,60.63445,3.195,36.4764,0.18,0.195,2.77166,0.0,0.0,0.0,5.0
nyc_brooklyn,2,DET,demand_mean,0.1,33.89851,28.00351,66.08828,5.895,44.97199,0.835,1.43,15.99963,0.0,0.0,0.005,5.0
nyc_brooklyn,2,DET,demand_mean,0.2,36.67286,29.88786,70.53534,6.785,45.27073,0.95,2.0,21.37774,0.0,0.0,0.0,5.0
nyc_brooklyn,2,DET,demand_mean,0.3,39.87823,31.66323,74.72522,8.215,53.17044,0.98,2.465,26.23394,0.0,0.0,0.01,5.0
nyc_brooklyn,2,DET,demand_var,0.25,30.82771,26.00271,61.36639,4.825,42.98558,0.625,0.895,10.31899,0.0,0.0,0.005,5.0
nyc_brooklyn,2,DET,demand_var,0.5,30.84225,26.01725,61.4007,4.825,43.17931,0.625,0.895,10.43318,0.0,0.0,0.005,5.0
nyc_brooklyn,2,DET,congestion,0.1,31.44142,25.92642,61.18635,5.515,49.77898,0.615,0.865,9.91207,0.0,0.0,0.01,5.0
nyc_brooklyn,2,DET,congestion,0.2,33.67772,25.91272,61.15403,7.765,72.07779,0.615,0.865,9.91207,0.0,0.0,0.03,5.0
nyc_brooklyn,2,DET,feas_drop,0.2,30.69507,25.93007,61.19497,4.765,42.37405,0.615,0.865,9.91207,0.0,0.0,0.005,5.0
nyc_brooklyn,2,SAA,demand_mean,0.1,30.86498,27.60498,65.14776,3.26,39.71142,0.385,0.47,4.49102,0.0,0.0,0.0,6.0
nyc_brooklyn,2,SAA,demand_mean,0.2,33.25678,29.21678,68.9516,4.04,42.0785,0.64,0.86,8.18392,0.0,0.0,0.0,6.0
nyc_brooklyn,2,SAA,demand_mean,0.3,36.34596,31.10596,73.41006,5.24,47.9264,0.845,1.335,13.27096,0.0,0.0,0.005,6.0
nyc_brooklyn,2,SAA,demand_var,0.25,29.28676,26.40676,62.31996,2.88,37.1664,0.25,0.28,2.76583,0.0,0.0,0.0,6.0
nyc_brooklyn,2,SAA,demand_var,0.5,29.35439,26.44439,62.40875,2.91,37.67273,0.26,0.295,2.94196,0.0,0.0,0.0,6.0
nyc_brooklyn,2,SAA,congestion,0.1,29.10018,26.31018,62.09203,2.79,36.76784,0.21,0.235,2.30699,0.0,0.0,0.0,6.0
nyc_brooklyn,2,SAA,congestion,0.2,29.34962,26.30962,62.0907,3.04,39.26221,0.21,0.235,2.30699,0.0,0.0,0.005,6.0
nyc_brooklyn,2,SAA,feas_drop,0.2,29.10018,26.31018,62.09203,2.79,36.76784,0.21,0.235,2.30699,0.0,0.0,0.0,6.0
nyc_brooklyn,2,Q90C,demand_mean,0.1,31.47833,28.82833,68.03486,2.65,36.60639,0.02,0.02,0.27591,0.0,0.0,0.0,7.0
nyc_brooklyn,2,Q90C,demand_mean,0.2,32.38801,29.65801,69.99291,2.73,38.16076,0.06,0.06,0.7979,0.0,0.0,0.0,7.0
nyc_brooklyn,2,Q90C,demand_mean,0.3,33.46089,30.55089,72.10011,2.91,40.96943,0.12,0.15,1.63426,0.0,0.0,0.0,7.0
nyc_brooklyn,2,Q90C,demand_var,0.25,30.71538,28.08538,66.2815,2.63,35.8304,0.01,0.01,0.17669,0.0,0.0,0.0,7.0
nyc_brooklyn,2,Q90C,demand_var,0.5,30.72774,28.08774,66.28707,2.64,35.90691,0.015,0.015,0.18757,0.0,0.0,0.0,7.0
nyc_brooklyn,2,Q90C,congestion,0.1,30.6871,28.0671,66.23835,2.62,35.61722,0.005,0.005,0.08835,0.0,0.0,0.0,7.0
nyc_brooklyn,2,Q90C,congestion,0.2,30.6871,28.0671,66.23835,2.62,35.61722,0.005,0.005,0.08835,0.0,0.0,0.0,7.0
nyc_brooklyn,2,Q90C,feas_drop,0.2,30.6871,28.0671,66.23835,2.62,35.61722,0.005,0.005,0.08835,0.0,0.0,0.0,7.0
nyc_brooklyn,2,RO,demand_mean,0.1,32.45133,29.74133,70.18953,2.71,37.90846,0.01,0.01,0.17669,0.0,0.0,0.0,8.0
nyc_brooklyn,2,RO,demand_mean,0.2,33.28058,30.52058,72.02856,2.76,39.15311,0.035,0.035,0.44696,0.0,0.0,0.0,8.0
nyc_brooklyn,2,RO,demand_mean,0.3,34.20924,31.34924,73.98422,2.86,40.67546,0.085,0.085,0.95464,0.0,0.0,0.0,8.0
nyc_brooklyn,2,RO,demand_var,0.25,31.70079,29.00079,68.44187,2.7,37.0199,0.005,0.005,0.08835,0.0,0.0,0.0,8.0
nyc_brooklyn,2,RO,demand_var,0.5,31.72899,29.01899,68.48481,2.71,37.27511,0.01,0.01,0.17669,0.0,0.0,0.0,8.0
nyc_brooklyn,2,RO,congestion,0.1,31.67253,28.98253,68.39878,2.69,36.66027,0.0,0.0,0.0,0.0,0.0,0.0,8.0
nyc_brooklyn,2,RO,congestion,0.2,31.67253,28.98253,68.39878,2.69,36.66027,0.0,0.0,0.0,0.0,0.0,0.0,8.0
nyc_brooklyn,2,RO,feas_drop,0.2,31.67253,28.98253,68.39878,2.69,36.66027,0.0,0.0,0.0,0.0,0.0,0.0,8.0
nyc_brooklyn,2,DFR,demand_mean,0.1,30.86498,27.60498,65.14776,3.26,39.71142,0.385,0.47,4.49102,0.0,0.0,0.0,6.0
nyc_brooklyn,2,DFR,demand_mean,0.2,33.25678,29.21678,68.9516,4.04,42.0785,0.64,0.86,8.18392,0.0,0.0,0.0,6.0
nyc_brooklyn,2,DFR,demand_mean,0.3,36.34596,31.10596,73.41006,5.24,47.9264,0.845,1.335,13.27096,0.0,0.0,0.005,6.0
nyc_brooklyn,2,DFR,demand_var,0.25,29.28676,26.40676,62.31996,2.88,37.1664,0.25,0.28,2.76583,0.0,0.0,0.0,6.0
nyc_brooklyn,2,DFR,demand_var,0.5,29.35439,26.44439,62.40875,2.91,37.67273,0.26,0.295,2.94196,0.0,0.0,0.0,6.0
nyc_brooklyn,2,DFR,congestion,0.1,29.10018,26.31018,62.09203,2.79,36.76784,0.21,0.235,2.30699,0.0,0.0,0.0,6.0
nyc_brooklyn,2,DFR,congestion,0.2,29.34962,26.30962,62.0907,3.04,39.26221,0.21,0.235,2.30699,0.0,0.0,0.005,6.0
nyc_brooklyn,2,DFR,feas_drop,0.2,29.10018,26.31018,62.09203,2.79,36.76784,0.21,0.235,2.30699,0.0,0.0,0.0,6.0
dublin_real,1,DET,demand_mean,0.1,109.61373,86.57123,204.30811,23.0425,139.26807,1.0,5.83,84.72188,0.0,0.0,0.0,11.0
dublin_real,1,DET,demand_mean,0.2,119.76839,93.74589,221.24031,26.0225,148.74947,1.0,7.32,107.69148,0.0,0.0,0.0,11.0
dublin_real,1,DET,demand_mean,0.3,128.52765,100.41515,236.97975,28.1125,157.63235,1.0,8.365,128.35884,0.0,0.0,0.0,11.0
dublin_real,1,DET,demand_var,0.25,98.74216,79.21966,186.9584,19.5225,130.1379,0.96,4.07,61.25301,0.0,0.0,0.0,11.0
dublin_real,1,DET,demand_var,0.5,98.90859,79.29609,187.13876,19.6125,131.35668,0.955,4.115,61.77283,0.0,0.0,0.0,11.0
dublin_real,1,DET,congestion,0.1,98.38276,79.02026,186.48782,19.3625,128.61731,0.97,3.99,60.1389,0.0,0.0,0.0,11.0
dublin_real,1,DET,congestion,0.2,98.38276,79.02026,186.48782,19.3625,128.61731,0.97,3.99,60.1389,0.0,0.0,0.0,11.0
dublin_real,1,DET,feas_drop,0.2,98.38276,79.02026,186.48782,19.3625,128.61731,0.97,3.99,60.1389,0.0,0.0,0.0,11.0
dublin_real,1,SAA,demand_mean,0.1,98.39695,83.22695,196.4156,15.17,137.59638,0.865,3.425,50.57635,0.0,0.0,0.0,13.0
dublin_real,1,SAA,demand_mean,0.2,112.826,93.086,219.68295,19.74,151.96441,0.975,5.71,85.53408,0.0,0.0,0.0,13.0
dublin_real,1,SAA,demand_mean,0.3,126.75791,102.56791,242.06026,24.19,163.14078,0.995,7.935,118.9171,0.0,0.0,0.0,13.0
dublin_real,1,SAA,demand_var,0.25,87.77038,75.76038,178.79449,12.01,120.07646,0.68,1.845,27.29299,0.0,0.0,0.0,13.0
dublin_real,1,SAA,demand_var,0.5,88.81588,76.38588,180.27069,12.43,122.83643,0.71,2.055,30.30788,0.0,0.0,0.0,13.0
dublin_real,1,SAA,congestion,0.1,86.60427,75.04427,177.10447,11.56,117.21113,0.655,1.62,23.84652,0.0,0.0,0.0,13.0
dublin_real,1,SAA,congestion,0.2,86.60427,75.04427,177.10447,11.56,117.21113,0.655,1.62,23.84652,0.0,0.0,0.0,13.0
dublin_real,1,SAA,feas_drop,0.2,86.60427,75.04427,177.10447,11.56,117.21113,0.655,1.62,23.84652,0.0,0.0,0.0,13.0
dublin_real,1,Q90C,demand_mean,0.1,94.14725,85.60975,202.03901,8.5375,114.75757,0.22,0.275,3.95535,0.0,0.0,0.0,17.0
dublin_real,1,Q90C,demand_mean,0.2,98.60117,89.15367,210.40267,9.4475,122.95044,0.415,0.73,9.06283,0.0,0.0,0.0,17.0
dublin_real,1,Q90C,demand_mean,0.3,104.50101,93.63351,220.97508,10.8675,135.98917,0.615,1.44,18.61732,0.0,0.0,0.0,17.0
dublin_real,1,Q90C,demand_var,0.25,91.10715,82.81965,195.45437,8.2875,111.70814,0.125,0.15,2.48416,0.0,0.0,0.0,17.0
dublin_real,1,Q90C,demand_var,0.5,91.51171,83.04421,195.98435,8.4675,112.19971,0.185,0.24,3.61868,0.0,0.0,0.0,17.0
dublin_real,1,Q90C,congestion,0.1,90.77868,82.59118,194.91518,8.1875,110.72746,0.09,0.1,1.36302,0.0,0.0,0.0,17.0
dublin_real,1,Q90C,congestion,0.2,90.77868,82.59118,194.91518,8.1875,110.72746,0.09,0.1,1.36302,0.0,0.0,0.0,17.0
dublin_real,1,Q90C,feas_drop,0.2,90.77868,82.59118,194.91518,8.1875,110.72746,0.09,0.1,1.36302,0.0,0.0,0.0,17.0
dublin_real,1,RO,demand_mean,0.1,110.50372,100.33122,236.78167,10.1725,131.47909,0.04,0.045,0.78151,0.0,0.0,0.0,24.0
dublin_real,1,RO,demand_mean,0.2,113.16922,102.85672,242.74185,10.3125,134.1328,0.095,0.115,1.73071,0.0,0.0,0.0,24.0
dublin_real,1,RO,demand_mean,0.3,116.22575,105.59325,249.20006,10.6325,137.92875,0.205,0.275,3.67816,0.0,0.0,0.0,24.0
dublin_real,1,RO,demand_var,0.25,108.14954,97.98704,231.24942,10.1625,129.15789,0.035,0.04,0.71435,0.0,0.0,0.0,24.0
dublin_real,1,RO,demand_var,0.5,108.2263,98.0338,231.35976,10.1925,129.22318,0.045,0.055,0.94847,0.0,0.0,0.0,24.0
dublin_real,1,RO,congestion,0.1,108.07824,97.94574,231.15194,10.1325,128.96994,0.02,0.025,0.50479,0.0,0.0,0.0,24.0
dublin_real,1,RO,congestion,0.2,108.07824,97.94574,231.15194,10.1325,128.96994,0.02,0.025,0.50479,0.0,0.0,0.0,24.0
dublin_real,1,RO,feas_drop,0.2,108.07824,97.94574,231.15194,10.1325,128.96994,0.02,0.025,0.50479,0.0,0.0,0.0,24.0
dublin_real,1,DFR,demand_mean,0.1,98.39695,83.22695,196.4156,15.17,137.59638,0.865,3.425,50.57635,0.0,0.0,0.0,13.0
dublin_real,1,DFR,demand_mean,0.2,112.826,93.086,219.68295,19.74,151.96441,0.975,5.71,85.53408,0.0,0.0,0.0,13.0
dublin_real,1,DFR,demand_mean,0.3,126.75791,102.56791,242.06026,24.19,163.14078,0.995,7.935,118.9171,0.0,0.0,0.0,13.0
dublin_real,1,DFR,demand_var,0.25,87.77038,75.76038,178.79449,12.01,120.07646,0.68,1.845,27.29299,0.0,0.0,0.0,13.0
dublin_real,1,DFR,demand_var,0.5,88.81588,76.38588,180.27069,12.43,122.83643,0.71,2.055,30.30788,0.0,0.0,0.0,13.0
dublin_real,1,DFR,congestion,0.1,86.60427,75.04427,177.10447,11.56,117.21113,0.655,1.62,23.84652,0.0,0.0,0.0,13.0
dublin_real,1,DFR,congestion,0.2,86.60427,75.04427,177.10447,11.56,117.21113,0.655,1.62,23.84652,0.0,0.0,0.0,13.0
dublin_real,1,DFR,feas_drop,0.2,86.60427,75.04427,177.10447,11.56,117.21113,0.655,1.62,23.84652,0.0,0.0,0.0,13.0
dublin_real,2,DET,demand_mean,0.1,106.3184,87.2984,206.02421,19.02,139.37652,0.975,5.565,85.39931,0.0,0.0,0.0,11.0
dublin_real,2,DET,demand_mean,0.2,118.44336,96.00336,226.56793,22.44,149.16427,0.995,7.275,115.14151,0.0,0.0,0.0,11.0
dublin_real,2,DET,demand_mean,0.3,128.98711,103.61711,244.53637,25.37,158.88932,1.0,8.74,139.87622,0.0,0.0,0.0,11.0
dublin_real,2,DET,demand_var,0.25,92.4325,77.5925,183.11829,14.84,128.19076,0.87,3.475,51.10352,0.0,0.0,0.0,11.0
dublin_real,2,DET,demand_var,0.5,92.79894,77.83894,183.6999,14.96,129.73496,0.875,3.535,52.35946,0.0,0.0,0.0,11.0
dublin_real,2,DET,congestion,0.1,91.8627,77.2027,182.19838,14.66,125.9308,0.87,3.385,49.14819,0.0,0.0,0.0,11.0
dublin_real,2,DET,congestion,0.2,91.8627,77.2027,182.19838,14.66,125.9308,0.87,3.385,49.14819,0.0,0.0,0.0,11.0
dublin_real,2,DET,feas_drop,0.2,91.8627,77.2027,182.19838,14.66,125.9308,0.87,3.385,49.14819,0.0,0.0,0.0,11.0
dublin_real,2,SAA,demand_mean,0.1,99.9395,86.3845,203.86743,13.555,133.6116,0.765,2.48,34.22657,0.0,0.0,0.0,13.0
dublin_real,2,SAA,demand_mean,0.2,111.61613,94.50113,223.02266,17.115,149.01018,0.94,4.26,60.5888,0.0,0.0,0.0,13.0
dublin_real,2,SAA,demand_mean,0.3,125.22304,103.91804,245.24657,21.305,163.01713,0.995,6.355,93.34767,0.0,0.0,0.0,13.0
dublin_real,2,SAA,demand_var,0.25,91.84145,80.55645,190.11323,11.285,120.99451,0.595,1.345,18.96827,0.0,0.0,0.0,13.0
dublin_real,2,SAA,demand_var,0.5,92.81908,81.13408,191.47643,11.685,122.75807,0.645,1.545,21.80259,0.0,0.0,0.0,13.0
dublin_real,2,SAA,congestion,0.1,90.79863,79.95363,188.69057,10.845,118.50399,0.52,1.125,15.96487,0.0,0.0,0.0,13.0
dublin_real,2,SAA,congestion,0.2,90.79863,79.95363,188.69057,10.845,118.50399,0.52,1.125,15.96487,0.0,0.0,0.0,13.0
dublin_real,2,SAA,feas_drop,0.2,90.79863,79.95363,188.69057,10.845,118.50399,0.52,1.125,15.96487,0.0,0.0,0.0,13.0
dublin_real,2,Q90C,demand_mean,0.1,96.22822,88.41822,208.667,7.81,116.27347,0.165,0.215,3.13485,0.0,0.0,0.0,18.0
dublin_real,2,Q90C,demand_mean,0.2,99.75792,91.54792,216.05309,8.21,123.1352,0.265,0.415,6.30227,0.0,0.0,0.0,18.0
dublin_real,2,Q90C,demand_mean,0.3,105.25912,95.83912,226.18032,9.42,136.07909,0.48,1.02,14.98587,0.0,0.0,0.0,18.0
dublin_real,2,Q90C,demand_var,0.25,93.37781,85.72781,202.31764,7.65,113.48874,0.095,0.135,2.0428,0.0,0.0,0.0,18.0
dublin_real,2,Q90C,demand_var,0.5,93.64239,85.88239,202.68244,7.76,114.30902,0.14,0.19,2.77457,0.0,0.0,0.0,18.0
dublin_real,2,Q90C,congestion,0.1,93.13293,85.58293,201.97572,7.55,112.01218,0.07,0.085,1.34815,0.0,0.0,0.0,18.0
dublin_real,2,Q90C,congestion,0.2,93.13293,85.58293,201.97572,7.55,112.01218,0.07,0.085,1.34815,0.0,0.0,0.0,18.0
dublin_real,2,Q90C,feas_drop,0.2,93.13293,85.58293,201.97572,7.55,112.01218,0.07,0.085,1.34815,0.0,0.0,0.0,18.0
dublin_real,2,RO,demand_mean,0.1,105.12697,97.31197,229.65625,7.815,124.95472,0.05,0.055,0.7713,0.0,0.0,0.0,23.0
dublin_real,2,RO,demand_mean,0.2,107.84096,99.85596,235.66008,7.985,128.57012,0.115,0.14,1.96195,0.0,0.0,0.0,23.0
dublin_real,2,RO,demand_mean,0.3,110.86383,102.56883,242.06244,8.295,133.6677,0.205,0.295,3.93319,0.0,0.0,0.0,23.0
dublin_real,2,RO,demand_var,0.25,102.69079,94.93579,224.04847,7.755,122.67671,0.025,0.025,0.41521,0.0,0.0,0.0,23.0
dublin_real,2,RO,demand_var,0.5,102.84122,95.02622,224.26188,7.815,122.81309,0.045,0.055,0.84167,0.0,0.0,0.0,23.0
dublin_real,2,RO,congestion,0.1,102.61423,94.88923,223.93858,7.725,121.76759,0.01,0.01,0.18503,0.0,0.0,0.0,23.0
dublin_real,2,RO,congestion,0.2,102.61423,94.88923,223.93858,7.725,121.76759,0.01,0.01,0.18503,0.0,0.0,0.0,23.0
dublin_real,2,RO,feas_drop,0.2,102.61423,94.88923,223.93858,7.725,121.76759,0.01,0.01,0.18503,0.0,0.0,0.0,23.0
dublin_real,2,DFR,demand_mean,0.1,91.80601,83.39851,196.82049,8.4075,115.53453,0.345,0.565,7.49484,0.0,0.0,0.0,16.0
dublin_real,2,DFR,demand_mean,0.2,96.58681,87.19931,205.79038,9.3875,125.42775,0.505,1.055,14.07971,0.0,0.0,0.0,16.0
dublin_real,2,DFR,demand_mean,0.3,104.50038,92.86288,219.15639,11.6375,138.54727,0.755,2.18,29.46594,0.0,0.0,0.0,16.0
dublin_real,2,DFR,demand_var,0.25,88.19188,80.30438,189.51834,7.8875,109.22599,0.22,0.305,4.26303,0.0,0.0,0.0,16.0
dublin_real,2,DFR,demand_var,0.5,88.80656,80.65906,190.35537,8.1475,111.19413,0.29,0.435,5.94614,0.0,0.0,0.0,16.0
dublin_real,2,DFR,congestion,0.1,87.79276,80.07526,188.97761,7.7175,108.27993,0.16,0.22,3.18095,0.0,0.0,0.0,16.0
dublin_real,2,DFR,congestion,0.2,87.79276,80.07526,188.97761,7.7175,108.27993,0.16,0.22,3.18095,0.0,0.0,0.0,16.0
dublin_real,2,DFR,feas_drop,0.2,87.79276,80.07526,188.97761,7.7175,108.27993,0.16,0.22,3.18095,0.0,0.0,0.0,16.0
peshawar_real,1,DET,demand_mean,0.1,270.52418,120.77918,285.03886,149.745,616.31578,0.455,0.96,10.40964,0.0,0.0,0.745,24.0
peshawar_real,1,DET,demand_mean,0.2,312.21453,125.81953,296.9341,186.395,667.30199,0.74,1.91,20.45325,0.0,0.0,0.86,24.0
peshawar_real,1,DET,demand_mean,0.3,375.64551,131.74051,310.90761,243.905,746.18877,0.88,3.415,36.07026,0.0,0.0,0.91,24.0
peshawar_real,1,DET,demand_var,0.25,249.27707,116.64207,275.27528,132.635,583.98634,0.34,0.53,5.88641,0.0,0.0,0.705,24.0
peshawar_real,1,DET,demand_var,0.5,255.50637,116.83137,275.72204,138.675,599.84151,0.38,0.675,7.23035,0.0,0.0,0.72,24.0
peshawar_real,1,DET,congestion,0.1,397.65929,115.74429,273.15653,281.915,751.88218,0.265,0.42,4.7923,0.0,0.0,1.0,24.0
peshawar_real,1,DET,congestion,0.2,578.53109,114.86609,271.08398,463.665,876.25618,0.265,0.42,4.7923,0.0,0.0,1.0,24.0
peshawar_real,1,DET,feas_drop,0.2,244.88211,116.46711,274.86238,128.415,573.43275,0.265,0.42,4.7923,0.0,0.0,0.675,24.0
peshawar_real,1,SAA,demand_mean,0.1,111.29215,94.33965,222.64157,16.9525,186.74316,0.285,0.45,4.2058,0.0,0.0,0.12,27.0
peshawar_real,1,SAA,demand_mean,0.2,125.83264,97.84014,230.90273,27.9925,243.42971,0.455,0.97,9.61282,0.0,0.0,0.235,27.0
peshawar_real,1,SAA,demand_mean,0.3,147.92998,102.09748,240.95005,45.8325,285.08419,0.68,1.89,18.74213,0.0,0.0,0.42,27.0
peshawar_real,1,SAA,demand_var,0.25,105.79901,91.60651,216.19137,14.1925,169.75805,0.215,0.32,2.87748,0.0,0.0,0.085,27.0
peshawar_real,1,SAA,demand_var,0.5,107.67726,91.79476,216.63562,15.8825,183.51504,0.255,0.415,3.86973,0.0,0.0,0.095,27.0
peshawar_real,1,SAA,congestion,0.1,107.1504,91.3979,215.69904,15.7525,178.83341,0.175,0.225,1.83921,0.0,0.0,0.115,27.0
peshawar_real,1,SAA,congestion,0.2,110.89131,91.38881,215.67759,19.5025,192.08105,0.175,0.225,1.83921,0.0,0.0,0.17,27.0
peshawar_real,1,SAA,feas_drop,0.2,103.66924,91.41674,215.74351,12.2525,154.42181,0.175,0.225,1.83921,0.0,0.0,0.06,27.0
peshawar_real,1,Q90C,demand_mean,0.1,104.27606,93.71856,221.17579,10.5575,145.5232,0.175,0.25,3.01176,0.0,0.0,0.05,28.0
peshawar_real,1,Q90C,demand_mean,0.2,110.6338,96.7463,228.32126,13.8875,171.43547,0.315,0.54,6.00962,0.0,0.0,0.095,28.0
peshawar_real,1,Q90C,demand_mean,0.3,119.71266,100.09516,236.22458,19.6175,193.9213,0.485,1.03,10.74603,0.0,0.0,0.18,28.0
peshawar_real,1,Q90C,demand_var,0.25,100.46913,91.07163,214.92905,9.3975,134.64748,0.14,0.17,1.94911,0.0,0.0,0.03,28.0
peshawar_real,1,Q90C,demand_var,0.5,101.80467,91.25717,215.36693,10.5475,143.72174,0.17,0.245,2.91916,0.0,0.0,0.05,28.0
peshawar_real,1,Q90C,congestion,0.1,100.29311,90.97561,214.70243,9.3175,134.12851,0.105,0.13,1.49052,0.0,0.0,0.03,28.0
peshawar_real,1,Q90C,congestion,0.2,102.03792,90.97042,214.69019,11.0675,149.20444,0.105,0.13,1.49052,0.0,0.0,0.065,28.0
peshawar_real,1,Q90C,feas_drop,0.2,100.04781,90.98031,214.71353,9.0675,132.15082,0.105,0.13,1.49052,0.0,0.0,0.025,28.0
peshawar_real,1,RO,demand_mean,0.1,113.47674,104.13424,245.75681,9.3425,146.68066,0.07,0.085,0.95958,0.0,0.0,0.02,33.0
peshawar_real,1,RO,demand_mean,0.2,117.19318,106.71068,251.8372,10.4825,157.17227,0.13,0.155,1.60538,0.0,0.0,0.04,33.0
peshawar_real,1,RO,demand_mean,0.3,124.01061,109.59811,258.65154,14.4125,184.40789,0.275,0.37,3.7907,0.0,0.0,0.095,33.0
peshawar_real,1,RO,demand_var,0.25,110.64952,101.61702,239.81616,9.0325,140.80323,0.05,0.055,0.61733,0.0,0.0,0.015,33.0
peshawar_real,1,RO,demand_var,0.5,111.04256,101.69006,239.98854,9.3525,144.48578,0.075,0.09,0.98218,0.0,0.0,0.02,33.0
peshawar_real,1,RO,congestion,0.1,110.79517,101.56267,239.68791,9.2325,143.91357,0.025,0.03,0.351,0.0,0.0,0.02,33.0
peshawar_real,1,RO,congestion,0.2,111.29409,101.56159,239.68535,9.7325,148.68438,0.025,0.03,0.351,0.0,0.0,0.03,33.0
peshawar_real,1,RO,feas_drop,0.2,110.04684,101.56434,239.69183,8.4825,136.43017,0.025,0.03,0.351,0.0,0.0,0.005,33.0
peshawar_real,1,DFR,demand_mean,0.1,111.29215,94.33965,222.64157,16.9525,186.74316,0.285,0.45,4.2058,0.0,0.0,0.12,27.0
peshawar_real,1,DFR,demand_mean,0.2,125.83264,97.84014,230.90273,27.9925,243.42971,0.455,0.97,9.61282,0.0,0.0,0.235,27.0
peshawar_real,1,DFR,demand_mean,0.3,147.92998,102.09748,240.95005,45.8325,285.08419,0.68,1.89,18.74213,0.0,0.0,0.42,27.0
peshawar_real,1,DFR,demand_var,0.25,105.79901,91.60651,216.19137,14.1925,169.75805,0.215,0.32,2.87748,0.0,0.0,0.085,27.0
peshawar_real,1,DFR,demand_var,0.5,107.67726,91.79476,216.63562,15.8825,183.51504,0.255,0.415,3.86973,0.0,0.0,0.095,27.0
peshawar_real,1,DFR,congestion,0.1,107.1504,91.3979,215.69904,15.7525,178.83341,0.175,0.225,1.83921,0.0,0.0,0.115,27.0
peshawar_real,1,DFR,congestion,0.2,110.89131,91.38881,215.67759,19.5025,192.08105,0.175,0.225,1.83921,0.0,0.0,0.17,27.0
peshawar_real,1,DFR,feas_drop,0.2,103.66924,91.41674,215.74351,12.2525,154.42181,0.175,0.225,1.83921,0.0,0.0,0.06,27.0
peshawar_real,2,DET,demand_mean,0.1,301.61924,116.48174,274.89691,185.1375,630.07603,0.62,1.28,13.24209,0.0,0.0,0.85,23.0
peshawar_real,2,DET,demand_mean,0.2,354.69308,121.58558,286.94197,233.1075,686.03869,0.84,2.39,23.87767,0.0,0.0,0.92,23.0
peshawar_real,2,DET,demand_mean,0.3,423.71904,127.26154,300.33722,296.4575,788.05936,0.945,3.815,38.35052,0.0,0.0,0.99,23.0
peshawar_real,2,DET,demand_var,0.25,273.75677,112.19927,264.79028,161.5575,609.35468,0.41,0.74,7.66704,0.0,0.0,0.77,23.0
peshawar_real,2,DET,demand_var,0.5,280.52366,112.44616,265.37294,168.0775,615.25628,0.44,0.875,9.22921,0.0,0.0,0.78,23.0
peshawar_real,2,DET,congestion,0.1,370.31885,111.52135,263.19039,258.7975,780.89679,0.375,0.61,6.25094,0.0,0.0,0.895,23.0
peshawar_real,2,DET,congestion,0.2,539.77279,110.72529,261.31169,429.0475,911.46156,0.375,0.61,6.25094,0.0,0.0,1.0,23.0
peshawar_real,2,DET,feas_drop,0.2,267.77031,111.97281,264.25583,155.7975,603.94135,0.375,0.61,6.25094,0.0,0.0,0.75,23.0
peshawar_real,2,SAA,demand_mean,0.1,107.46736,91.75986,216.55327,15.7075,171.422,0.28,0.415,3.92858,0.0,0.0,0.1,27.0
peshawar_real,2,SAA,demand_mean,0.2,116.00962,95.00212,224.205,21.0075,188.99515,0.44,0.815,8.07101,0.0,0.0,0.175,27.0
peshawar_real,2,SAA,demand_mean,0.3,129.26445,99.01695,233.68,30.2475,228.24687,0.635,1.56,16.06848,0.0,0.0,0.27,27.0
peshawar_real,2,SAA,demand_var,0.25,102.93562,89.02812,210.10637,13.9075,157.76614,0.19,0.265,2.35565,0.0,0.0,0.08,27.0
peshawar_real,2,SAA,demand_var,0.5,104.43758,89.28008,210.701,15.1575,163.72444,0.27,0.39,3.57709,0.0,0.0,0.1,27.0
peshawar_real,2,SAA,congestion,0.1,103.55483,88.83733,209.65611,14.7175,164.92769,0.125,0.17,1.51813,0.0,0.0,0.09,27.0
peshawar_real,2,SAA,congestion,0.2,105.54787,88.83037,209.63968,16.7175,172.28377,0.125,0.17,1.51813,0.0,0.0,0.125,27.0
peshawar_real,2,SAA,feas_drop,0.2,101.57495,88.85745,209.70358,12.7175,146.62168,0.125,0.17,1.51813,0.0,0.0,0.06,27.0
peshawar_real,2,Q90C,demand_mean,0.1,103.93401,92.34901,217.94367,11.585,140.40005,0.17,0.205,1.95728,0.0,0.0,0.035,28.0
peshawar_real,2,Q90C,demand_mean,0.2,109.44241,95.44741,225.25589,13.995,159.41137,0.36,0.535,5.29307,0.0,0.0,0.07,28.0
peshawar_real,2,Q90C,demand_mean,0.3,121.62268,99.43768,234.67292,22.185,193.10033,0.575,1.255,13.11775,0.0,0.0,0.185,28.0
peshawar_real,2,Q90C,demand_var,0.25,100.77022,89.81522,211.96391,10.955,132.90786,0.11,0.14,1.30156,0.0,0.0,0.025,28.0
peshawar_real,2,Q90C,demand_var,0.5,101.12848,89.86348,212.07781,11.265,135.02053,0.14,0.17,1.58512,0.0,0.0,0.03,28.0
peshawar_real,2,Q90C,congestion,0.1,101.84635,89.73135,211.76599,12.115,143.63881,0.075,0.095,0.91792,0.0,0.0,0.05,28.0
peshawar_real,2,Q90C,congestion,0.2,105.08323,89.71823,211.73503,15.365,172.65166,0.075,0.095,0.91792,0.0,0.0,0.1,28.0
peshawar_real,2,Q90C,feas_drop,0.2,100.35049,89.73549,211.77575,10.615,130.69439,0.075,0.095,0.91792,0.0,0.0,0.02,28.0
peshawar_real,2,RO,demand_mean,0.1,115.84797,105.68047,249.4059,10.1675,139.79319,0.055,0.07,0.39726,0.0,0.0,0.005,34.0
peshawar_real,2,RO,demand_mean,0.2,119.57546,108.27796,255.53598,11.2975,152.14499,0.1,0.135,1.08301,0.0,0.0,0.025,34.0
peshawar_real,2,RO,demand_mean,0.3,123.71795,111.08045,262.14987,12.6375,166.12213,0.21,0.305,2.73341,0.0,0.0,0.045,34.0
peshawar_real,2,RO,demand_var,0.25,113.36586,103.20836,243.57174,10.1575,137.31417,0.05,0.065,0.36021,0.0,0.0,0.005,34.0
peshawar_real,2,RO,demand_var,0.5,113.67614,103.23864,243.6432,10.4375,140.25125,0.055,0.08,0.52034,0.0,0.0,0.01,34.0
peshawar_real,2,RO,congestion,0.1,113.26119,103.16369,243.46632,10.0975,137.14599,0.025,0.035,0.14368,0.0,0.0,0.005,34.0
peshawar_real,2,RO,congestion,0.2,113.5105,103.163,243.46469,10.3475,139.63908,0.025,0.035,0.14368,0.0,0.0,0.005,34.0
peshawar_real,2,RO,feas_drop,0.2,113.01229,103.16479,243.46891,9.8475,134.65699,0.025,0.035,0.14368,0.0,0.0,0.0,34.0
peshawar_real,2,DFR,demand_mean,0.1,107.46736,91.75986,216.55327,15.7075,171.422,0.28,0.415,3.92858,0.0,0.0,0.1,27.0
peshawar_real,2,DFR,demand_mean,0.2,116.00962,95.00212,224.205,21.0075,188.99515,0.44,0.815,8.07101,0.0,0.0,0.175,27.0
peshawar_real,2,DFR,demand_mean,0.3,129.26445,99.01695,233.68,30.2475,228.24687,0.635,1.56,16.06848,0.0,0.0,0.27,27.0
peshawar_real,2,DFR,demand_var,0.25,102.93562,89.02812,210.10637,13.9075,157.76614,0.19,0.265,2.35565,0.0,0.0,0.08,27.0
peshawar_real,2,DFR,demand_var,0.5,104.43758,89.28008,210.701,15.1575,163.72444,0.27,0.39,3.57709,0.0,0.0,0.1,27.0
peshawar_real,2,DFR,congestion,0.1,103.55483,88.83733,209.65611,14.7175,164.92769,0.125,0.17,1.51813,0.0,0.0,0.09,27.0
peshawar_real,2,DFR,congestion,0.2,105.54787,88.83037,209.63968,16.7175,172.28377,0.125,0.17,1.51813,0.0,0.0,0.125,27.0
peshawar_real,2,DFR,feas_drop,0.2,101.57495,88.85745,209.70358,12.7175,146.62168,0.125,0.17,1.51813,0.0,0.0,0.06,27.0
solomon_c101,1,DET,demand_mean,0.1,487.53391,456.13572,1076.4803,31.39819,556.20585,0.645,0.81,56.16514,1.0,328.41378,0.0,22.0
solomon_c101,1,DET,demand_mean,0.2,510.82082,472.89909,1116.04186,37.92172,587.12188,0.8,1.245,86.45034,1.0,441.48441,0.0,22.0
solomon_c101,1,DET,demand_mean,0.3,534.70479,489.71371,1155.72436,44.99107,618.00747,0.915,1.75,118.62844,1.0,562.67144,0.0,22.0
solomon_c101,1,DET,demand_var,0.25,468.26309,440.59944,1039.81468,27.66364,535.18163,0.42,0.49,33.25057,1.0,266.52289,0.0,22.0
solomon_c101,1,DET,demand_var,0.5,469.27541,441.27729,1041.41441,27.99812,541.37342,0.435,0.555,36.79422,1.0,270.61239,0.0,22.0
solomon_c101,1,DET,congestion,0.1,471.8577,440.11265,1038.66586,31.74505,540.52633,0.395,0.44,30.55542,1.0,350.15091,0.0,22.0
solomon_c101,1,DET,congestion,0.2,477.17893,440.11265,1038.66586,37.06627,549.88868,0.395,0.44,30.55542,1.0,456.57549,0.0,22.0
solomon_c101,1,DET,feas_drop,0.2,467.14803,440.11265,1038.66586,27.03538,532.09434,0.395,0.44,30.55542,1.0,255.95756,0.0,22.0
solomon_c101,1,SAA,demand_mean,0.1,423.47842,402.61207,950.16449,20.86635,504.77755,0.56,0.85,48.12172,1.0,114.62698,0.005,19.0
solomon_c101,1,SAA,demand_mean,0.2,449.51385,421.96135,995.8288,27.55249,547.207,0.74,1.59,91.36244,1.0,218.74987,0.005,19.0
solomon_c101,1,SAA,demand_mean,0.3,479.05085,442.48252,1044.25875,36.56833,593.42874,0.895,2.47,141.75466,1.0,358.86667,0.01,19.0
solomon_c101,1,SAA,demand_var,0.25,403.60304,386.27624,911.61192,17.3268,468.77183,0.29,0.4,21.93891,1.0,66.83603,0.0,19.0
solomon_c101,1,SAA,demand_var,0.5,405.11354,387.06654,913.47703,18.047,479.32508,0.325,0.465,25.8558,1.0,78.64002,0.0,19.0
solomon_c101,1,SAA,congestion,0.1,403.74705,385.51002,909.80364,18.23704,467.4981,0.245,0.315,18.05499,1.0,88.44071,0.0,19.0
solomon_c101,1,SAA,congestion,0.2,406.40047,385.51002,909.80364,20.89046,474.47105,0.245,0.315,18.05499,1.0,141.50916,0.0,19.0
solomon_c101,1,SAA,feas_drop,0.2,402.22705,385.51002,909.80364,16.71703,462.3774,0.245,0.315,18.05499,1.0,58.04059,0.0,19.0
solomon_c101,1,Q90C,demand_mean,0.1,509.03327,397.16783,937.31609,111.86543,567.57545,0.125,0.165,7.48309,1.0,1998.70863,0.0,17.0
solomon_c101,1,Q90C,demand_mean,0.2,524.12196,410.89105,969.70288,113.2309,593.03839,0.26,0.39,19.02844,1.0,2017.01809,0.0,17.0
solomon_c101,1,Q90C,demand_mean,0.3,544.28574,427.40843,1008.6839,116.87731,637.45718,0.45,0.865,44.66587,1.0,2070.94621,0.0,17.0
solomon_c101,1,Q90C,demand_var,0.25,496.58924,385.14304,908.93758,111.4462,550.97926,0.08,0.095,4.36927,1.0,1993.12397,0.0,17.0
solomon_c101,1,Q90C,demand_var,0.5,497.37144,385.49422,909.76636,111.87722,556.46194,0.125,0.155,6.90677,1.0,1999.34434,0.0,17.0
solomon_c101,1,Q90C,congestion,0.1,501.02024,384.823,908.18228,116.19724,553.3273,0.06,0.07,2.77848,1.0,2089.14481,0.0,17.0
solomon_c101,1,Q90C,congestion,0.2,507.24658,384.823,908.18228,122.42358,563.80759,0.06,0.07,2.77848,1.0,2213.67167,0.0,17.0
solomon_c101,1,Q90C,feas_drop,0.2,496.11206,384.823,908.18228,111.28906,545.2042,0.06,0.07,2.77848,1.0,1990.98123,0.0,17.0
solomon_c101,1,RO,demand_mean,0.1,483.5579,465.72737,1099.11658,17.83053,524.47415,0.005,0.005,0.40311,1.0,78.41058,0.0,27.0
solomon_c101,1,RO,demand_mean,0.2,493.88584,475.88195,1123.08141,18.00389,538.2653,0.035,0.04,2.48673,1.0,80.47773,0.0,27.0
solomon_c101,1,RO,demand_mean,0.3,504.62782,486.33154,1147.74242,18.29628,552.54256,0.085,0.095,6.0562,1.0,84.12564,0.0,27.0
solomon_c101,1,RO,demand_var,0.25,473.86231,456.01566,1076.19695,17.84665,515.13207,0.005,0.005,0.39357,1.0,78.73307,0.0,27.0
solomon_c101,1,RO,demand_var,0.5,473.9458,456.08792,1076.3675,17.85788,516.29926,0.01,0.01,0.727,1.0,78.7576,0.0,27.0
solomon_c101,1,RO,congestion,0.1,475.19768,455.93109,1075.99738,19.26659,516.37564,0.0,0.0,0.0,1.0,107.33179,0.0,27.0
solomon_c101,1,RO,congestion,0.2,477.37622,455.93109,1075.99738,21.44512,521.77179,0.0,0.0,0.0,1.0,150.90247,0.0,27.0
solomon_c101,1,RO,feas_drop,0.2,473.74596,455.93109,1075.99738,17.81487,512.62366,0.0,0.0,0.0,1.0,78.29731,0.0,27.0
solomon_c101,1,DFR,demand_mean,0.1,423.47842,402.61207,950.16449,20.86635,504.77755,0.56,0.85,48.12172,1.0,114.62698,0.005,19.0
solomon_c101,1,DFR,demand_mean,0.2,449.51385,421.96135,995.8288,27.55249,547.207,0.74,1.59,91.36244,1.0,218.74987,0.005,19.0
solomon_c101,1,DFR,demand_mean,0.3,479.05085,442.48252,1044.25875,36.56833,593.42874,0.895,2.47,141.75466,1.0,358.86667,0.01,19.0
solomon_c101,1,DFR,demand_var,0.25,403.60304,386.27624,911.61192,17.3268,468.77183,0.29,0.4,21.93891,1.0,66.83603,0.0,19.0
solomon_c101,1,DFR,demand_var,0.5,405.11354,387.06654,913.47703,18.047,479.32508,0.325,0.465,25.8558,1.0,78.64002,0.0,19.0
solomon_c101,1,DFR,congestion,0.1,403.74705,385.51002,909.80364,18.23704,467.4981,0.245,0.315,18.05499,1.0,88.44071,0.0,19.0
solomon_c101,1,DFR,congestion,0.2,406.40047,385.51002,909.80364,20.89046,474.47105,0.245,0.315,18.05499,1.0,141.50916,0.0,19.0
solomon_c101,1,DFR,feas_drop,0.2,402.22705,385.51002,909.80364,16.71703,462.3774,0.245,0.315,18.05499,1.0,58.04059,0.0,19.0
solomon_c101,2,DET,demand_mean,0.1,460.84685,388.60166,917.09991,72.24519,588.35982,0.87,2.055,152.23226,1.0,1056.05379,0.0,19.0
solomon_c101,2,DET,demand_mean,0.2,505.51117,413.06948,974.84396,92.44169,640.26786,0.96,3.075,222.6279,1.0,1419.18381,0.0,19.0
solomon_c101,2,DET,demand_mean,0.3,553.17139,438.20645,1034.16722,114.96495,703.39009,1.0,4.125,297.24192,1.0,1827.64891,0.0,19.0
solomon_c101,2,DET,demand_var,0.25,420.72846,363.99,859.0164,56.73846,540.30059,0.585,1.155,82.96006,1.0,781.91918,0.0,19.0
solomon_c101,2,DET,demand_var,0.5,423.27368,364.90557,861.17715,58.36811,547.63146,0.61,1.215,87.5506,1.0,812.11222,0.0,19.0
solomon_c101,2,DET,congestion,0.1,434.02579,363.31033,857.41239,70.71546,552.08656,0.57,1.085,79.32526,1.0,1064.25918,0.0,19.0
solomon_c101,2,DET,congestion,0.2,450.93196,363.31033,857.41239,87.62162,575.46694,0.57,1.085,79.32526,1.0,1402.38246,0.0,19.0
solomon_c101,2,DET,feas_drop,0.2,418.3245,363.31033,857.41239,55.01417,529.94504,0.57,1.085,79.32526,1.0,750.23334,0.0,19.0
solomon_c101,2,SAA,demand_mean,0.1,440.51114,386.22622,911.49389,54.28492,553.46584,0.585,1.125,72.61733,1.0,767.19836,0.0,17.0
solomon_c101,2,SAA,demand_mean,0.2,477.3199,410.67612,969.19565,66.64377,610.08377,0.82,2.09,138.42818,1.0,975.77547,0.0,17.0
solomon_c101,2,SAA,demand_mean,0.3,521.06149,437.90136,1033.44722,83.16013,673.63586,0.95,3.195,218.37427,1.0,1261.90254,0.0,17.0
solomon_c101,2,SAA,demand_var,0.25,416.11558,367.59382,867.52142,48.52176,513.98589,0.37,0.58,35.97398,1.0,673.73519,0.0,17.0
solomon_c101,2,SAA,demand_var,0.5,418.35892,368.69909,870.12986,49.65983,521.84108,0.405,0.67,41.58372,1.0,692.89658,0.0,17.0
solomon_c101,2,SAA,congestion,0.1,427.148,366.34706,864.57905,60.80095,522.99789,0.33,0.48,29.67102,1.0,923.31895,0.0,17.0
solomon_c101,2,SAA,congestion,0.2,442.33136,366.34706,864.57905,75.98431,544.19284,0.33,0.48,29.67102,1.0,1226.98615,0.0,17.0
solomon_c101,2,SAA,feas_drop,0.2,413.23625,366.34706,864.57905,46.8892,503.22744,0.33,0.48,29.67102,1.0,645.08393,0.0,17.0
solomon_c101,2,Q90C,demand_mean,0.1,401.35444,372.37686,878.80939,28.97758,453.81302,0.155,0.2,8.55067,1.0,291.30166,0.0,18.0
solomon_c101,2,Q90C,demand_mean,0.2,414.75958,384.58912,907.63033,30.17045,479.79628,0.27,0.395,19.23855,1.0,307.35909,0.0,18.0
solomon_c101,2,Q90C,demand_mean,0.3,434.92223,401.19431,946.81857,33.72792,526.00456,0.495,0.895,50.74765,1.0,358.50841,0.0,18.0
solomon_c101,2,Q90C,demand_var,0.25,390.48,361.78455,853.81154,28.69545,441.33285,0.1,0.135,5.79726,1.0,288.25895,0.0,18.0
solomon_c101,2,Q90C,demand_var,0.5,391.12295,362.19718,854.78535,28.92577,446.87073,0.13,0.18,7.89518,1.0,291.06534,0.0,18.0
solomon_c101,2,Q90C,congestion,0.1,395.2981,361.23575,852.51636,34.06235,443.64413,0.075,0.08,3.03777,1.0,397.79699,0.0,18.0
solomon_c101,2,Q90C,congestion,0.2,402.6218,361.23575,852.51636,41.38605,455.07656,0.075,0.08,3.03777,1.0,544.271,0.0,18.0
solomon_c101,2,Q90C,feas_drop,0.2,389.52028,361.23575,852.51636,28.28453,434.14365,0.075,0.08,3.03777,1.0,282.2406,0.0,18.0
solomon_c101,2,RO,demand_mean,0.1,525.13237,479.36202,1131.29437,45.77035,570.59375,0.035,0.04,1.54465,1.0,644.75698,0.0,22.0
solomon_c101,2,RO,demand_mean,0.2,537.24815,491.07104,1158.92766,46.1771,590.61692,0.07,0.09,5.19942,1.0,650.89208,0.0,22.0
solomon_c101,2,RO,demand_mean,0.3,549.43486,502.88172,1186.80086,46.55314,608.86486,0.11,0.155,9.26639,1.0,655.81276,0.0,22.0
solomon_c101,2,RO,demand_var,0.25,514.16844,468.39809,1105.41949,45.77035,559.78166,0.035,0.04,1.54465,1.0,644.75698,0.0,22.0
solomon_c101,2,RO,demand_var,0.5,514.31084,468.46847,1105.58558,45.84237,561.80427,0.04,0.045,1.94485,1.0,645.99738,0.0,22.0
solomon_c101,2,RO,congestion,0.1,518.68209,468.24876,1105.06708,50.43333,563.47981,0.02,0.02,0.75728,1.0,738.81651,0.0,22.0
solomon_c101,2,RO,congestion,0.2,524.72875,468.24876,1105.06708,56.47999,573.85795,0.02,0.02,0.75728,1.0,859.74972,0.0,22.0
solomon_c101,2,RO,feas_drop,0.2,513.80922,468.24876,1105.06708,45.56045,555.18727,0.02,0.02,0.75728,1.0,641.35905,0.0,22.0
solomon_c101,2,DFR,demand_mean,0.1,440.51114,386.22622,911.49389,54.28492,553.46584,0.585,1.125,72.61733,1.0,767.19836,0.0,17.0
solomon_c101,2,DFR,demand_mean,0.2,477.3199,410.67612,969.19565,66.64377,610.08377,0.82,2.09,138.42818,1.0,975.77547,0.0,17.0
solomon_c101,2,DFR,demand_mean,0.3,521.06149,437.90136,1033.44722,83.16013,673.63586,0.95,3.195,218.37427,1.0,1261.90254,0.0,17.0
solomon_c101,2,DFR,demand_var,0.25,416.11558,367.59382,867.52142,48.52176,513.98589,0.37,0.58,35.97398,1.0,673.73519,0.0,17.0
solomon_c101,2,DFR,demand_var,0.5,418.35892,368.69909,870.12986,49.65983,521.84108,0.405,0.67,41.58372,1.0,692.89658,0.0,17.0
solomon_c101,2,DFR,congestion,0.1,427.148,366.34706,864.57905,60.80095,522.99789,0.33,0.48,29.67102,1.0,923.31895,0.0,17.0
solomon_c101,2,DFR,congestion,0.2,442.33136,366.34706,864.57905,75.98431,544.19284,0.33,0.48,29.67102,1.0,1226.98615,0.0,17.0
solomon_c101,2,DFR,feas_drop,0.2,413.23625,366.34706,864.57905,46.8892,503.22744,0.33,0.48,29.67102,1.0,645.08393,0.0,17.0
solomon_c201,1,DET,demand_mean,0.1,314.27162,293.86132,693.51272,20.4103,336.14425,0.0,0.0,0.0,1.0,187.80598,0.0,11.0
solomon_c201,1,DET,demand_mean,0.2,319.02085,298.61055,704.72091,20.4103,341.18763,0.0,0.0,0.0,1.0,187.80598,0.0,11.0
solomon_c201,1,DET,demand_mean,0.3,323.77008,303.35978,715.92909,20.4103,346.23101,0.0,0.0,0.0,1.0,187.80598,0.0,11.0
solomon_c201,1,DET,demand_var,0.25,309.52242,289.11212,682.30461,20.4103,331.44807,0.0,0.0,0.0,1.0,187.80598,0.0,11.0
solomon_c201,1,DET,demand_var,0.5,309.52418,289.11388,682.30875,20.4103,331.76326,0.0,0.0,0.0,1.0,187.80598,0.0,11.0
solomon_c201,1,DET,congestion,0.1,309.78413,289.11209,682.30454,20.67204,331.58781,0.0,0.0,0.0,1.0,193.04075,0.0,11.0
solomon_c201,1,DET,congestion,0.2,310.36613,289.11209,682.30454,21.25404,332.23865,0.0,0.0,0.0,1.0,204.68082,0.0,11.0
solomon_c201,1,DET,feas_drop,0.2,309.52239,289.11209,682.30454,20.4103,331.10087,0.0,0.0,0.0,1.0,187.80598,0.0,11.0
solomon_c201,1,SAA,demand_mean,0.1,296.78867,279.36857,659.30983,17.4201,318.57609,0.0,0.0,0.0,1.0,120.15191,0.0,11.0
solomon_c201,1,SAA,demand_mean,0.2,301.45365,284.03355,670.31918,17.4201,323.48896,0.0,0.0,0.0,1.0,120.15191,0.0,11.0
solomon_c201,1,SAA,demand_mean,0.3,306.11862,288.69853,681.32853,17.4201,328.40183,0.0,0.0,0.0,1.0,120.15191,0.0,11.0
solomon_c201,1,SAA,demand_var,0.25,292.12372,274.70363,648.30056,17.4201,313.95582,0.0,0.0,0.0,1.0,120.15191,0.0,11.0
solomon_c201,1,SAA,demand_var,0.5,292.12516,274.70506,648.30395,17.4201,314.22172,0.0,0.0,0.0,1.0,120.15191,0.0,11.0
solomon_c201,1,SAA,congestion,0.1,292.30233,274.70359,648.30047,17.59874,314.12493,0.0,0.0,0.0,1.0,123.72473,0.0,11.0
solomon_c201,1,SAA,congestion,0.2,292.59297,274.70359,648.30047,17.88938,315.0211,0.0,0.0,0.0,1.0,129.53766,0.0,11.0
solomon_c201,1,SAA,feas_drop,0.2,292.12369,274.70359,648.30047,17.4201,313.67412,0.0,0.0,0.0,1.0,120.15191,0.0,11.0
solomon_c201,1,Q90C,demand_mean,0.1,218.05253,186.46036,440.04646,31.59217,254.50968,0.0,0.0,0.0,1.0,425.64331,0.0,5.0
solomon_c201,1,Q90C,demand_mean,0.2,223.57979,191.97182,453.05349,31.60797,260.20323,0.005,0.005,0.24331,1.0,425.75949,0.0,5.0
solomon_c201,1,Q90C,demand_mean,0.3,229.62678,197.79486,466.79587,31.83192,267.56204,0.04,0.045,2.00578,1.0,428.63831,0.0,5.0
solomon_c201,1,Q90C,demand_var,0.25,212.59337,181.0012,427.16283,31.59217,249.06927,0.0,0.0,0.0,1.0,425.64331,0.0,5.0
solomon_c201,1,Q90C,demand_var,0.5,212.59583,181.00367,427.16865,31.59217,249.18347,0.0,0.0,0.0,1.0,425.64331,0.0,5.0
solomon_c201,1,Q90C,congestion,0.1,223.01457,181.00114,427.16269,42.01343,266.95044,0.0,0.0,0.0,1.0,634.06853,0.0,5.0
solomon_c201,1,Q90C,congestion,0.2,237.01401,181.00114,427.16269,56.01287,288.94552,0.0,0.0,0.0,1.0,914.05733,0.0,5.0
solomon_c201,1,Q90C,feas_drop,0.2,212.59331,181.00114,427.16269,31.59217,248.94617,0.0,0.0,0.0,1.0,425.64331,0.0,5.0
solomon_c201,1,RO,demand_mean,0.1,222.08464,208.38838,491.79657,13.69626,248.31849,0.0,0.0,0.0,1.0,69.77522,0.0,6.0
solomon_c201,1,RO,demand_mean,0.2,227.28845,213.59218,504.07756,13.69626,253.80098,0.0,0.0,0.0,1.0,69.77522,0.0,6.0
solomon_c201,1,RO,demand_mean,0.3,232.49225,218.79599,516.35854,13.69626,259.3544,0.0,0.0,0.0,1.0,69.77522,0.0,6.0
solomon_c201,1,RO,demand_var,0.25,216.88088,203.18461,479.51569,13.69626,243.15514,0.0,0.0,0.0,1.0,69.77522,0.0,6.0
solomon_c201,1,RO,demand_var,0.5,216.88295,203.18669,479.52058,13.69626,243.48196,0.0,0.0,0.0,1.0,69.77522,0.0,6.0
solomon_c201,1,RO,congestion,0.1,220.73186,203.18457,479.51558,17.54729,250.30134,0.0,0.0,0.0,1.0,146.79586,0.0,6.0
solomon_c201,1,RO,congestion,0.2,226.36034,203.18457,479.51558,23.17577,258.97176,0.0,0.0,0.0,1.0,259.36545,0.0,6.0
solomon_c201,1,RO,feas_drop,0.2,216.88083,203.18457,479.51558,13.69626,242.93478,0.0,0.0,0.0,1.0,69.77522,0.0,6.0
solomon_c201,1,DFR,demand_mean,0.1,296.78867,279.36857,659.30983,17.4201,318.57609,0.0,0.0,0.0,1.0,120.15191,0.0,11.0
solomon_c201,1,DFR,demand_mean,0.2,301.45365,284.03355,670.31918,17.4201,323.48896,0.0,0.0,0.0,1.0,120.15191,0.0,11.0
solomon_c201,1,DFR,demand_mean,0.3,306.11862,288.69853,681.32853,17.4201,328.40183,0.0,0.0,0.0,1.0,120.15191,0.0,11.0
solomon_c201,1,DFR,demand_var,0.25,292.12372,274.70363,648.30056,17.4201,313.95582,0.0,0.0,0.0,1.0,120.15191,0.0,11.0
solomon_c201,1,DFR,demand_var,0.5,292.12516,274.70506,648.30395,17.4201,314.22172,0.0,0.0,0.0,1.0,120.15191,0.0,11.0
solomon_c201,1,DFR,congestion,0.1,292.30233,274.70359,648.30047,17.59874,314.12493,0.0,0.0,0.0,1.0,123.72473,0.0,11.0
solomon_c201,1,DFR,congestion,0.2,292.59297,274.70359,648.30047,17.88938,315.0211,0.0,0.0,0.0,1.0,129.53766,0.0,11.0
solomon_c201,1,DFR,feas_drop,0.2,292.12369,274.70359,648.30047,17.4201,313.67412,0.0,0.0,0.0,1.0,120.15191,0.0,11.0
solomon_c201,2,DET,demand_mean,0.1,297.95685,285.14183,672.93472,12.81502,318.72072,0.0,0.0,0.0,1.0,26.00045,0.0,11.0
solomon_c201,2,DET,demand_mean,0.2,302.83445,290.01943,684.44585,12.81502,323.84449,0.0,0.0,0.0,1.0,26.00045,0.0,11.0
solomon_c201,2,DET,demand_mean,0.3,307.71205,294.89703,695.95699,12.81502,329.05842,0.0,0.0,0.0,1.0,26.00045,0.0,11.0
solomon_c201,2,DET,demand_var,0.25,293.0793,280.26428,661.42371,12.81502,313.88174,0.0,0.0,0.0,1.0,26.00045,0.0,11.0
solomon_c201,2,DET,demand_var,0.5,293.08084,280.26582,661.42733,12.81502,314.16451,0.0,0.0,0.0,1.0,26.00045,0.0,11.0
solomon_c201,2,DET,congestion,0.1,293.09925,280.26423,661.42358,12.83502,313.65936,0.0,0.0,0.0,1.0,26.40049,0.0,11.0
solomon_c201,2,DET,congestion,0.2,293.11926,280.26423,661.42358,12.85503,313.68179,0.0,0.0,0.0,1.0,26.80054,0.0,11.0
solomon_c201,2,DET,feas_drop,0.2,293.07925,280.26423,661.42358,12.81502,313.63693,0.0,0.0,0.0,1.0,26.00045,0.0,11.0
solomon_c201,2,SAA,demand_mean,0.1,312.22081,298.44493,704.33005,13.77588,331.81283,0.0,0.0,0.0,1.0,31.2175,0.0,12.0
solomon_c201,2,SAA,demand_mean,0.2,316.90227,303.1264,715.3783,13.77588,336.61423,0.0,0.0,0.0,1.0,31.2175,0.0,12.0
solomon_c201,2,SAA,demand_mean,0.3,321.58373,307.80786,726.42654,13.77588,341.49794,0.0,0.0,0.0,1.0,31.2175,0.0,12.0
solomon_c201,2,SAA,demand_var,0.25,307.53938,293.76351,693.28187,13.77588,327.14878,0.0,0.0,0.0,1.0,31.2175,0.0,12.0
solomon_c201,2,SAA,demand_var,0.5,307.54038,293.7645,693.28423,13.77588,327.29054,0.0,0.0,0.0,1.0,31.2175,0.0,12.0
solomon_c201,2,SAA,congestion,0.1,307.58638,293.76347,693.2818,13.82291,327.21407,0.0,0.0,0.0,1.0,32.15817,0.0,12.0
solomon_c201,2,SAA,congestion,0.2,307.65305,293.76347,693.2818,13.88958,327.5572,0.0,0.0,0.0,1.0,33.49154,0.0,12.0
solomon_c201,2,SAA,feas_drop,0.2,307.53935,293.76347,693.2818,13.77588,327.06273,0.0,0.0,0.0,1.0,31.2175,0.0,12.0
solomon_c201,2,Q90C,demand_mean,0.1,242.21228,226.72857,535.07944,15.48371,268.8906,0.0,0.0,0.0,1.0,70.02412,0.0,8.0
solomon_c201,2,Q90C,demand_mean,0.2,247.00053,231.51682,546.3797,15.48371,273.74892,0.0,0.0,0.0,1.0,70.02412,0.0,8.0
solomon_c201,2,Q90C,demand_mean,0.3,251.82394,236.33023,557.73934,15.49371,278.92288,0.005,0.005,0.16553,1.0,70.02412,0.0,8.0
solomon_c201,2,Q90C,demand_var,0.25,237.42408,221.94037,523.77927,15.48371,264.115,0.0,0.0,0.0,1.0,70.02412,0.0,8.0
solomon_c201,2,Q90C,demand_var,0.5,237.42517,221.94146,523.78185,15.48371,264.19376,0.0,0.0,0.0,1.0,70.02412,0.0,8.0
solomon_c201,2,Q90C,congestion,0.1,241.43681,221.94033,523.77918,19.49648,272.03558,0.0,0.0,0.0,1.0,150.27969,0.0,8.0
solomon_c201,2,Q90C,congestion,0.2,247.41525,221.9401,523.77863,25.47515,284.33701,0.0,0.0,0.0,1.0,264.853,0.005,8.0
solomon_c201,2,Q90C,feas_drop,0.2,237.42404,221.94033,523.77918,15.48371,264.03228,0.0,0.0,0.0,1.0,70.02412,0.0,8.0
solomon_c201,2,RO,demand_mean,0.1,194.83427,180.33549,425.59176,14.49878,220.94969,0.0,0.0,0.0,1.0,71.22553,0.0,6.0
solomon_c201,2,RO,demand_mean,0.2,199.34999,184.85122,436.24887,14.49878,225.56334,0.0,0.0,0.0,1.0,71.22553,0.0,6.0
solomon_c201,2,RO,demand_mean,0.3,203.86572,189.36694,446.90598,14.49878,230.18176,0.0,0.0,0.0,1.0,71.22553,0.0,6.0
solomon_c201,2,RO,demand_var,0.25,190.31858,175.8198,414.93474,14.49878,216.45163,0.0,0.0,0.0,1.0,71.22553,0.0,6.0
solomon_c201,2,RO,demand_var,0.5,190.31972,175.82094,414.93742,14.49878,216.55613,0.0,0.0,0.0,1.0,71.22553,0.0,6.0
solomon_c201,2,RO,congestion,0.1,194.31844,175.81977,414.93466,18.49867,224.25627,0.0,0.0,0.0,1.0,151.2235,0.0,6.0
solomon_c201,2,RO,congestion,0.2,200.27429,175.81954,414.93411,24.45475,236.2254,0.0,0.0,0.0,1.0,265.34502,0.005,6.0
solomon_c201,2,RO,feas_drop,0.2,190.31855,175.81977,414.93466,14.49878,216.37042,0.0,0.0,0.0,1.0,71.22553,0.0,6.0
solomon_c201,2,DFR,demand_mean,0.1,306.15581,279.96695,660.72201,26.18886,327.11885,0.0,0.0,0.0,1.0,274.67723,0.0,11.0
solomon_c201,2,DFR,demand_mean,0.2,310.75913,284.57027,671.58583,26.18886,331.88579,0.0,0.0,0.0,1.0,274.67723,0.0,11.0
solomon_c201,2,DFR,demand_mean,0.3,315.36244,289.17358,682.44965,26.18886,336.72622,0.0,0.0,0.0,1.0,274.67723,0.0,11.0
solomon_c201,2,DFR,demand_var,0.25,301.55254,275.36368,649.85828,26.18886,322.5406,0.0,0.0,0.0,1.0,274.67723,0.0,11.0
solomon_c201,2,DFR,demand_var,0.5,301.55375,275.36489,649.86114,26.18886,322.72867,0.0,0.0,0.0,1.0,274.67723,0.0,11.0
solomon_c201,2,DFR,congestion,0.1,302.02589,275.36364,649.85819,26.66225,322.93439,0.0,0.0,0.0,1.0,284.14496,0.0,11.0
solomon_c201,2,DFR,congestion,0.2,302.49927,275.36364,649.85819,27.13563,323.46782,0.0,0.0,0.0,1.0,293.61268,0.0,11.0
solomon_c201,2,DFR,feas_drop,0.2,301.5525,275.36364,649.85819,26.18886,322.40096,0.0,0.0,0.0,1.0,274.67723,0.0,11.0
solomon_r102,1,DET,demand_mean,0.1,555.2444,459.14473,1083.58157,96.09966,742.90538,0.03,0.03,1.11768,1.0,935.1933,0.325,30.0
solomon_r102,1,DET,demand_mean,0.2,564.63458,466.48386,1100.90191,98.15073,752.31433,0.065,0.065,2.50659,1.0,934.81451,0.355,30.0
solomon_r102,1,DET,demand_mean,0.3,574.19876,473.74248,1118.03226,100.45627,762.77171,0.095,0.1,3.7674,1.0,934.52549,0.385,30.0
solomon_r102,1,DET,demand_var,0.25,547.51415,451.92676,1066.54716,95.58738,735.9354,0.02,0.02,0.70537,1.0,935.34767,0.315,30.0
solomon_r102,1,DET,demand_var,0.5,547.80087,451.95348,1066.61022,95.84738,736.07933,0.025,0.025,0.91153,1.0,935.34767,0.32,30.0
solomon_r102,1,DET,congestion,0.1,607.08754,451.44389,1065.40759,155.64364,873.48023,0.015,0.015,0.53073,1.0,1156.67287,0.62,30.0
solomon_r102,1,DET,congestion,0.2,720.01418,450.52138,1063.23047,269.4928,990.41232,0.015,0.015,0.53073,1.0,1383.65598,1.0,30.0
solomon_r102,1,DET,feas_drop,0.2,547.24836,451.9179,1066.52625,95.33046,735.78659,0.015,0.015,0.53073,1.0,935.40916,0.315,30.0
solomon_r102,1,SAA,demand_mean,0.1,533.56311,463.30998,1093.41156,70.25313,632.90035,0.02,0.02,0.96917,1.0,935.31255,0.125,31.0
solomon_r102,1,SAA,demand_mean,0.2,541.46271,470.64661,1110.72601,70.81609,642.71701,0.025,0.03,1.26466,1.0,936.1719,0.13,31.0
solomon_r102,1,SAA,demand_mean,0.3,549.45203,478.10725,1128.33312,71.34478,656.26861,0.04,0.05,2.04317,1.0,935.94553,0.13,31.0
solomon_r102,1,SAA,demand_var,0.25,525.70592,455.96279,1076.07218,69.74313,621.87825,0.015,0.015,0.69115,1.0,935.31255,0.12,31.0
solomon_r102,1,SAA,demand_var,0.5,526.78455,456.0063,1076.17486,70.77826,628.18878,0.02,0.025,1.12345,1.0,935.61517,0.13,31.0
solomon_r102,1,SAA,congestion,0.1,552.6716,455.69826,1075.44788,96.97335,721.83731,0.005,0.005,0.20248,1.0,1145.3169,0.26,31.0
solomon_r102,1,SAA,congestion,0.2,592.96678,455.45638,1074.87705,137.5104,828.62535,0.005,0.005,0.20248,1.0,1386.05799,0.485,31.0
solomon_r102,1,SAA,feas_drop,0.2,525.08994,455.86376,1075.83847,69.22619,619.82794,0.005,0.005,0.20248,1.0,935.37373,0.11,31.0
solomon_r102,1,Q90C,demand_mean,0.1,536.09141,472.62456,1115.39397,63.46685,632.49763,0.01,0.015,0.55858,1.0,822.88695,0.115,29.0
solomon_r102,1,Q90C,demand_mean,0.2,545.49794,480.75486,1134.58146,64.74308,651.15359,0.025,0.03,1.54045,1.0,822.81158,0.125,29.0
solomon_r102,1,Q90C,demand_mean,0.3,556.41998,488.88539,1153.76953,67.53459,679.61023,0.05,0.06,2.87543,1.0,822.44177,0.145,29.0
solomon_r102,1,Q90C,demand_var,0.25,528.1441,464.67725,1096.63832,63.46685,624.66259,0.01,0.015,0.55858,1.0,822.88695,0.115,29.0
solomon_r102,1,Q90C,demand_var,0.5,528.81843,464.83311,1097.00614,63.98532,629.17224,0.02,0.025,1.27968,1.0,822.85647,0.12,29.0
solomon_r102,1,Q90C,congestion,0.1,557.81173,464.48628,1096.18762,93.32545,703.43116,0.01,0.01,0.38053,1.0,1090.25902,0.325,29.0
solomon_r102,1,Q90C,congestion,0.2,608.33699,464.13101,1095.34918,144.20598,816.07292,0.01,0.01,0.38053,1.0,1372.8696,0.64,29.0
solomon_r102,1,Q90C,feas_drop,0.2,528.09728,464.6468,1096.56645,63.45048,625.3491,0.01,0.01,0.38053,1.0,822.75962,0.115,29.0
solomon_r102,1,RO,demand_mean,0.1,531.05865,473.98275,1118.59929,57.0759,605.23803,0.01,0.01,0.70711,1.0,756.71791,0.04,31.0
solomon_r102,1,RO,demand_mean,0.2,538.66031,481.58441,1136.53921,57.0759,613.4271,0.01,0.01,0.70711,1.0,756.71791,0.04,31.0
solomon_r102,1,RO,demand_mean,0.3,547.74152,489.54166,1155.31833,58.19985,629.50435,0.045,0.055,2.68454,1.0,757.39708,0.06,31.0
solomon_r102,1,RO,demand_var,0.25,523.45625,466.38035,1100.65763,57.0759,597.79346,0.01,0.01,0.70711,1.0,756.71791,0.04,31.0
solomon_r102,1,RO,demand_var,0.5,523.46254,466.38664,1100.67247,57.0759,598.47529,0.01,0.01,0.70711,1.0,756.71791,0.04,31.0
solomon_r102,1,RO,congestion,0.1,543.74771,466.31673,1100.50748,77.43099,661.45856,0.01,0.01,0.70711,1.0,1023.81971,0.135,31.0
solomon_r102,1,RO,congestion,0.2,577.28148,466.15819,1100.13333,111.12329,754.87511,0.01,0.01,0.70711,1.0,1312.66579,0.345,31.0
solomon_r102,1,RO,feas_drop,0.2,523.45698,466.38109,1100.65937,57.0759,597.04895,0.01,0.01,0.70711,1.0,756.71791,0.04,31.0
solomon_r102,1,DFR,demand_mean,0.1,525.13991,459.36137,1084.09284,65.77854,589.74769,0.025,0.025,0.96987,1.0,960.07073,0.03,31.0
solomon_r102,1,DFR,demand_mean,0.2,533.78748,466.71573,1101.44912,67.07175,606.31077,0.045,0.045,1.81137,1.0,960.13501,0.055,31.0
solomon_r102,1,DFR,demand_mean,0.3,542.50693,474.09762,1118.87038,68.40931,625.99138,0.065,0.07,2.77313,1.0,960.88617,0.06,31.0
solomon_r102,1,DFR,demand_var,0.25,517.56457,452.06932,1066.8836,65.49524,579.58369,0.015,0.015,0.55307,1.0,959.8049,0.03,31.0
solomon_r102,1,DFR,demand_var,0.5,518.23595,452.19741,1067.1859,66.03854,585.95093,0.03,0.03,1.16685,1.0,960.07073,0.035,31.0
solomon_r102,1,DFR,congestion,0.1,532.07688,451.92301,1066.53831,80.15387,624.58086,0.0,0.0,0.0,1.0,1173.57731,0.085,31.0
solomon_r102,1,DFR,congestion,0.2,553.94603,451.86665,1066.4053,102.07938,688.27975,0.0,0.0,0.0,1.0,1427.08756,0.185,31.0
solomon_r102,1,DFR,feas_drop,0.2,517.16226,451.95497,1066.61372,65.20729,577.52453,0.0,0.0,0.0,1.0,959.64578,0.025,31.0
solomon_r102,2,DET,demand_mean,0.1,539.58266,452.15781,1067.09243,87.42485,708.32011,0.005,0.005,0.27803,1.0,1015.6971,0.23,28.0
solomon_r102,2,DET,demand_mean,0.2,547.07041,459.32608,1084.00955,87.74433,718.2324,0.03,0.03,0.91827,1.0,1016.0866,0.23,28.0
solomon_r102,2,DET,demand_mean,0.3,558.37256,466.72857,1101.47944,91.64398,732.77398,0.11,0.115,3.14674,1.0,1015.67964,0.28,28.0
solomon_r102,2,DET,demand_var,0.25,532.5404,445.11555,1050.47269,87.42485,701.45643,0.005,0.005,0.27803,1.0,1015.6971,0.23,28.0
solomon_r102,2,DET,demand_var,0.5,532.61602,445.17496,1050.6129,87.44107,701.70998,0.01,0.01,0.55606,1.0,1015.82135,0.23,28.0
solomon_r102,2,DET,congestion,0.1,578.86097,444.73199,1049.5675,134.12898,845.6493,0.0,0.0,0.0,1.0,1289.97962,0.415,28.0
solomon_r102,2,DET,congestion,0.2,669.01492,443.95946,1047.74432,225.05546,1074.82841,0.0,0.0,0.0,1.0,1588.50922,0.675,28.0
solomon_r102,2,DET,feas_drop,0.2,532.25108,445.08623,1050.4035,87.16485,701.17755,0.0,0.0,0.0,1.0,1015.6971,0.225,28.0
solomon_r102,2,SAA,demand_mean,0.1,520.15497,451.94785,1066.59693,68.20712,626.18727,0.005,0.005,0.25495,1.0,949.69238,0.075,28.0
solomon_r102,2,SAA,demand_mean,0.2,528.50675,459.50336,1084.42793,69.00339,637.97314,0.025,0.025,1.01591,1.0,949.81783,0.085,28.0
solomon_r102,2,SAA,demand_mean,0.3,536.90037,467.05365,1102.24662,69.84672,650.97872,0.055,0.055,1.95474,1.0,950.4843,0.095,28.0
solomon_r102,2,SAA,demand_var,0.25,512.19925,444.49817,1049.01568,67.70109,615.75045,0.0,0.0,0.0,1.0,949.77171,0.07,28.0
solomon_r102,2,SAA,demand_var,0.5,512.75656,444.54944,1049.13668,68.20712,619.42008,0.005,0.005,0.25495,1.0,949.69238,0.075,28.0
solomon_r102,2,SAA,congestion,0.1,536.77521,444.42851,1048.85128,92.3467,702.27288,0.0,0.0,0.0,1.0,1217.68406,0.185,28.0
solomon_r102,2,SAA,congestion,0.2,579.57932,444.24003,1048.40648,135.33929,822.90651,0.0,0.0,0.0,1.0,1527.53572,0.445,28.0
solomon_r102,2,SAA,feas_drop,0.2,512.19859,444.4975,1049.0141,67.70109,615.21141,0.0,0.0,0.0,1.0,949.77171,0.07,28.0
solomon_r102,2,Q90C,demand_mean,0.1,518.12601,462.47638,1091.44426,55.64963,583.84128,0.005,0.005,0.25495,1.0,769.79259,0.04,30.0
solomon_r102,2,Q90C,demand_mean,0.2,525.01049,469.3286,1107.61549,55.68189,591.0652,0.01,0.01,0.5099,1.0,770.23786,0.04,30.0
solomon_r102,2,Q90C,demand_mean,0.3,532.46086,476.21591,1123.86956,56.24494,601.52282,0.025,0.025,1.09873,1.0,770.89882,0.05,30.0
solomon_r102,2,Q90C,demand_var,0.25,511.02027,455.6284,1075.28303,55.39187,576.09425,0.0,0.0,0.0,1.0,769.8374,0.035,30.0
solomon_r102,2,Q90C,demand_var,0.5,511.33559,455.68596,1075.41886,55.64963,577.63439,0.005,0.005,0.25495,1.0,769.79259,0.04,30.0
solomon_r102,2,Q90C,congestion,0.1,529.15702,455.55475,1075.10921,73.60227,639.40066,0.0,0.0,0.0,1.0,999.04539,0.125,30.0
solomon_r102,2,Q90C,congestion,0.2,555.64782,455.38898,1074.71798,100.25885,734.1191,0.0,0.0,0.0,1.0,1257.17695,0.24,30.0
solomon_r102,2,Q90C,feas_drop,0.2,511.01916,455.62729,1075.28039,55.39187,575.60227,0.0,0.0,0.0,1.0,769.8374,0.035,30.0
solomon_r102,2,RO,demand_mean,0.1,542.21306,475.50414,1122.18977,66.70892,622.86444,0.0,0.0,0.0,1.0,928.52843,0.075,32.0
solomon_r102,2,RO,demand_mean,0.2,549.46694,482.75802,1139.30892,66.70892,630.3737,0.0,0.0,0.0,1.0,928.52843,0.075,32.0
solomon_r102,2,RO,demand_mean,0.3,556.72081,490.01189,1156.42806,66.70892,637.88296,0.0,0.0,0.0,1.0,928.52843,0.075,32.0
solomon_r102,2,RO,demand_var,0.25,534.95996,468.25104,1105.07246,66.70892,615.73047,0.0,0.0,0.0,1.0,928.52843,0.075,32.0
solomon_r102,2,RO,demand_var,0.5,534.96531,468.25639,1105.08507,66.70892,616.07347,0.0,0.0,0.0,1.0,928.52843,0.075,32.0
solomon_r102,2,RO,congestion,0.1,555.63699,468.08946,1104.69114,87.54752,703.48899,0.0,0.0,0.0,1.0,1115.30043,0.175,32.0
solomon_r102,2,RO,congestion,0.2,585.5607,467.82056,1104.05652,117.74014,806.82094,0.0,0.0,0.0,1.0,1314.15273,0.34,32.0
solomon_r102,2,RO,feas_drop,0.2,534.95919,468.25027,1105.07063,66.70892,615.35517,0.0,0.0,0.0,1.0,928.52843,0.075,32.0
solomon_r102,2,DFR,demand_mean,0.1,520.15497,451.94785,1066.59693,68.20712,626.18727,0.005,0.005,0.25495,1.0,949.69238,0.075,28.0
solomon_r102,2,DFR,demand_mean,0.2,528.50675,459.50336,1084.42793,69.00339,637.97314,0.025,0.025,1.01591,1.0,949.81783,0.085,28.0
solomon_r102,2,DFR,demand_mean,0.3,536.90037,467.05365,1102.24662,69.84672,650.97872,0.055,0.055,1.95474,1.0,950.4843,0.095,28.0
solomon_r102,2,DFR,demand_var,0.25,512.19925,444.49817,1049.01568,67.70109,615.75045,0.0,0.0,0.0,1.0,949.77171,0.07,28.0
solomon_r102,2,DFR,demand_var,0.5,512.75656,444.54944,1049.13668,68.20712,619.42008,0.005,0.005,0.25495,1.0,949.69238,0.075,28.0
solomon_r102,2,DFR,congestion,0.1,536.77521,444.42851,1048.85128,92.3467,702.27288,0.0,0.0,0.0,1.0,1217.68406,0.185,28.0
solomon_r102,2,DFR,congestion,0.2,579.57932,444.24003,1048.40648,135.33929,822.90651,0.0,0.0,0.0,1.0,1527.53572,0.445,28.0
solomon_r102,2,DFR,feas_drop,0.2,512.19859,444.4975,1049.0141,67.70109,615.21141,0.0,0.0,0.0,1.0,949.77171,0.07,28.0
solomon_r202,1,DET,demand_mean,0.1,361.92106,333.63053,787.36804,28.29053,402.2007,0.0,0.0,0.0,1.0,241.01069,0.02,14.0
solomon_r202,1,DET,demand_mean,0.2,364.38742,336.09689,793.18865,28.29053,404.7307,0.0,0.0,0.0,1.0,241.01069,0.02,14.0
solomon_r202,1,DET,demand_mean,0.3,366.85378,338.56325,799.00927,28.29053,407.27541,0.0,0.0,0.0,1.0,241.01069,0.02,14.0
solomon_r202,1,DET,demand_var,0.25,359.45488,331.16435,781.54786,28.29053,399.74668,0.0,0.0,0.0,1.0,241.01069,0.02,14.0
solomon_r202,1,DET,demand_var,0.5,359.45593,331.1654,781.55034,28.29053,399.81552,0.0,0.0,0.0,1.0,241.01069,0.02,14.0
solomon_r202,1,DET,congestion,0.1,364.64384,331.16218,781.54274,33.48166,425.47996,0.0,0.0,0.0,1.0,294.83323,0.07,14.0
solomon_r202,1,DET,congestion,0.2,373.94237,331.1549,781.52557,42.78746,462.30598,0.0,0.0,0.0,1.0,360.94925,0.16,14.0
solomon_r202,1,DET,feas_drop,0.2,359.4547,331.16416,781.54743,28.29053,399.6707,0.0,0.0,0.0,1.0,241.01069,0.02,14.0
solomon_r202,1,SAA,demand_mean,0.1,344.58359,322.45336,760.98994,22.13022,372.64557,0.0,0.0,0.0,1.0,152.70444,0.0,14.0
solomon_r202,1,SAA,demand_mean,0.2,346.99286,324.86264,766.67583,22.13022,375.10329,0.0,0.0,0.0,1.0,152.70444,0.0,14.0
solomon_r202,1,SAA,demand_mean,0.3,349.40214,327.27192,772.36173,22.13022,377.56149,0.0,0.0,0.0,1.0,152.70444,0.0,14.0
solomon_r202,1,SAA,demand_var,0.25,342.17445,320.04423,755.30439,22.13022,370.24503,0.0,0.0,0.0,1.0,152.70444,0.0,14.0
solomon_r202,1,SAA,demand_var,0.5,342.17534,320.04512,755.30649,22.13022,370.29757,0.0,0.0,0.0,1.0,152.70444,0.0,14.0
solomon_r202,1,SAA,congestion,0.1,343.38034,320.04389,755.30357,23.33645,375.18035,0.0,0.0,0.0,1.0,171.82902,0.005,14.0
solomon_r202,1,SAA,congestion,0.2,346.7918,320.04276,755.30092,26.74904,397.89584,0.0,0.0,0.0,1.0,200.08079,0.045,14.0
solomon_r202,1,SAA,feas_drop,0.2,342.17431,320.04409,755.30405,22.13022,370.18785,0.0,0.0,0.0,1.0,152.70444,0.0,14.0
solomon_r202,1,Q90C,demand_mean,0.1,344.58359,322.45336,760.98994,22.13022,372.64557,0.0,0.0,0.0,1.0,152.70444,0.0,14.0
solomon_r202,1,Q90C,demand_mean,0.2,346.99286,324.86264,766.67583,22.13022,375.10329,0.0,0.0,0.0,1.0,152.70444,0.0,14.0
solomon_r202,1,Q90C,demand_mean,0.3,349.40214,327.27192,772.36173,22.13022,377.56149,0.0,0.0,0.0,1.0,152.70444,0.0,14.0
solomon_r202,1,Q90C,demand_var,0.25,342.17445,320.04423,755.30439,22.13022,370.24503,0.0,0.0,0.0,1.0,152.70444,0.0,14.0
solomon_r202,1,Q90C,demand_var,0.5,342.17534,320.04512,755.30649,22.13022,370.29757,0.0,0.0,0.0,1.0,152.70444,0.0,14.0
solomon_r202,1,Q90C,congestion,0.1,343.38034,320.04389,755.30357,23.33645,375.18035,0.0,0.0,0.0,1.0,171.82902,0.005,14.0
solomon_r202,1,Q90C,congestion,0.2,346.7918,320.04276,755.30092,26.74904,397.89584,0.0,0.0,0.0,1.0,200.08079,0.045,14.0
solomon_r202,1,Q90C,feas_drop,0.2,342.17431,320.04409,755.30405,22.13022,370.18785,0.0,0.0,0.0,1.0,152.70444,0.0,14.0
solomon_r202,1,RO,demand_mean,0.1,344.58359,322.45336,760.98994,22.13022,372.64557,0.0,0.0,0.0,1.0,152.70444,0.0,14.0
solomon_r202,1,RO,demand_mean,0.2,346.99286,324.86264,766.67583,22.13022,375.10329,0.0,0.0,0.0,1.0,152.70444,0.0,14.0
solomon_r202,1,RO,demand_mean,0.3,349.40214,327.27192,772.36173,22.13022,377.56149,0.0,0.0,0.0,1.0,152.70444,0.0,14.0
solomon_r202,1,RO,demand_var,0.25,342.17445,320.04423,755.30439,22.13022,370.24503,0.0,0.0,0.0,1.0,152.70444,0.0,14.0
solomon_r202,1,RO,demand_var,0.5,342.17534,320.04512,755.30649,22.13022,370.29757,0.0,0.0,0.0,1.0,152.70444,0.0,14.0
solomon_r202,1,RO,congestion,0.1,343.38034,320.04389,755.30357,23.33645,375.18035,0.0,0.0,0.0,1.0,171.82902,0.005,14.0
solomon_r202,1,RO,congestion,0.2,346.7918,320.04276,755.30092,26.74904,397.89584,0.0,0.0,0.0,1.0,200.08079,0.045,14.0
solomon_r202,1,RO,feas_drop,0.2,342.17431,320.04409,755.30405,22.13022,370.18785,0.0,0.0,0.0,1.0,152.70444,0.0,14.0
solomon_r202,1,DFR,demand_mean,0.1,344.58359,322.45336,760.98994,22.13022,372.64557,0.0,0.0,0.0,1.0,152.70444,0.0,14.0
solomon_r202,1,DFR,demand_mean,0.2,346.99286,324.86264,766.67583,22.13022,375.10329,0.0,0.0,0.0,1.0,152.70444,0.0,14.0
solomon_r202,1,DFR,demand_mean,0.3,349.40214,327.27192,772.36173,22.13022,377.56149,0.0,0.0,0.0,1.0,152.70444,0.0,14.0
solomon_r202,1,DFR,demand_var,0.25,342.17445,320.04423,755.30439,22.13022,370.24503,0.0,0.0,0.0,1.0,152.70444,0.0,14.0
solomon_r202,1,DFR,demand_var,0.5,342.17534,320.04512,755.30649,22.13022,370.29757,0.0,0.0,0.0,1.0,152.70444,0.0,14.0
solomon_r202,1,DFR,congestion,0.1,343.38034,320.04389,755.30357,23.33645,375.18035,0.0,0.0,0.0,1.0,171.82902,0.005,14.0
solomon_r202,1,DFR,congestion,0.2,346.7918,320.04276,755.30092,26.74904,397.89584,0.0,0.0,0.0,1.0,200.08079,0.045,14.0
solomon_r202,1,DFR,feas_drop,0.2,342.17431,320.04409,755.30405,22.13022,370.18785,0.0,0.0,0.0,1.0,152.70444,0.0,14.0
solomon_r202,2,DET,demand_mean,0.1,324.2939,297.55297,702.22501,26.74093,358.4509,0.0,0.0,0.0,1.0,264.36851,0.01,13.0
solomon_r202,2,DET,demand_mean,0.2,326.70928,299.96836,707.92532,26.74093,360.90752,0.0,0.0,0.0,1.0,264.36851,0.01,13.0
solomon_r202,2,DET,demand_mean,0.3,329.12467,302.38374,713.62563,26.74093,363.36415,0.0,0.0,0.0,1.0,264.36851,0.01,13.0
solomon_r202,2,DET,demand_var,0.25,321.87855,295.13763,696.5248,26.74093,356.04323,0.0,0.0,0.0,1.0,264.36851,0.01,13.0
solomon_r202,2,DET,demand_var,0.5,321.87922,295.13829,696.52637,26.74093,356.08926,0.0,0.0,0.0,1.0,264.36851,0.01,13.0
solomon_r202,2,DET,congestion,0.1,327.87633,295.13604,696.52105,32.74029,394.04485,0.0,0.0,0.0,1.0,324.35588,0.06,13.0
solomon_r202,2,DET,congestion,0.2,342.26026,295.12907,696.5046,47.13119,452.29043,0.0,0.0,0.0,1.0,422.17388,0.195,13.0
solomon_r202,2,DET,feas_drop,0.2,321.87851,295.13758,696.5247,26.74093,355.99427,0.0,0.0,0.0,1.0,264.36851,0.01,13.0
solomon_r202,2,SAA,demand_mean,0.1,364.14718,348.22474,821.81038,15.92244,390.3237,0.0,0.0,0.0,1.0,43.5988,0.0,17.0
solomon_r202,2,SAA,demand_mean,0.2,366.34222,350.41978,826.99067,15.92244,392.5265,0.0,0.0,0.0,1.0,43.5988,0.0,17.0
solomon_r202,2,SAA,demand_mean,0.3,368.53726,352.61482,832.17096,15.92244,394.73915,0.0,0.0,0.0,1.0,43.5988,0.0,17.0
solomon_r202,2,SAA,demand_var,0.25,361.95227,346.02983,816.6304,15.92244,388.12716,0.0,0.0,0.0,1.0,43.5988,0.0,17.0
solomon_r202,2,SAA,demand_var,0.5,361.95322,346.03078,816.63265,15.92244,388.14031,0.0,0.0,0.0,1.0,43.5988,0.0,17.0
solomon_r202,2,SAA,congestion,0.1,363.00867,346.0297,816.63008,16.97897,390.36448,0.0,0.0,0.0,1.0,64.72943,0.0,17.0
solomon_r202,2,SAA,congestion,0.2,364.52483,346.0297,816.63008,18.49514,393.25774,0.0,0.0,0.0,1.0,95.05272,0.0,17.0
solomon_r202,2,SAA,feas_drop,0.2,361.95214,346.0297,816.63008,15.92244,388.13963,0.0,0.0,0.0,1.0,43.5988,0.0,17.0
solomon_r202,2,Q90C,demand_mean,0.1,364.14718,348.22474,821.81038,15.92244,390.3237,0.0,0.0,0.0,1.0,43.5988,0.0,17.0
solomon_r202,2,Q90C,demand_mean,0.2,366.34222,350.41978,826.99067,15.92244,392.5265,0.0,0.0,0.0,1.0,43.5988,0.0,17.0
solomon_r202,2,Q90C,demand_mean,0.3,368.53726,352.61482,832.17096,15.92244,394.73915,0.0,0.0,0.0,1.0,43.5988,0.0,17.0
solomon_r202,2,Q90C,demand_var,0.25,361.95227,346.02983,816.6304,15.92244,388.12716,0.0,0.0,0.0,1.0,43.5988,0.0,17.0
solomon_r202,2,Q90C,demand_var,0.5,361.95322,346.03078,816.63265,15.92244,388.14031,0.0,0.0,0.0,1.0,43.5988,0.0,17.0
solomon_r202,2,Q90C,congestion,0.1,363.00867,346.0297,816.63008,16.97897,390.36448,0.0,0.0,0.0,1.0,64.72943,0.0,17.0
solomon_r202,2,Q90C,congestion,0.2,364.52483,346.0297,816.63008,18.49514,393.25774,0.0,0.0,0.0,1.0,95.05272,0.0,17.0
solomon_r202,2,Q90C,feas_drop,0.2,361.95214,346.0297,816.63008,15.92244,388.13963,0.0,0.0,0.0,1.0,43.5988,0.0,17.0
solomon_r202,2,RO,demand_mean,0.1,364.14718,348.22474,821.81038,15.92244,390.3237,0.0,0.0,0.0,1.0,43.5988,0.0,17.0
solomon_r202,2,RO,demand_mean,0.2,366.34222,350.41978,826.99067,15.92244,392.5265,0.0,0.0,0.0,1.0,43.5988,0.0,17.0
solomon_r202,2,RO,demand_mean,0.3,368.53726,352.61482,832.17096,15.92244,394.73915,0.0,0.0,0.0,1.0,43.5988,0.0,17.0
solomon_r202,2,RO,demand_var,0.25,361.95227,346.02983,816.6304,15.92244,388.12716,0.0,0.0,0.0,1.0,43.5988,0.0,17.0
solomon_r202,2,RO,demand_var,0.5,361.95322,346.03078,816.63265,15.92244,388.14031,0.0,0.0,0.0,1.0,43.5988,0.0,17.0
solomon_r202,2,RO,congestion,0.1,363.00867,346.0297,816.63008,16.97897,390.36448,0.0,0.0,0.0,1.0,64.72943,0.0,17.0
solomon_r202,2,RO,congestion,0.2,364.52483,346.0297,816.63008,18.49514,393.25774,0.0,0.0,0.0,1.0,95.05272,0.0,17.0
solomon_r202,2,RO,feas_drop,0.2,361.95214,346.0297,816.63008,15.92244,388.13963,0.0,0.0,0.0,1.0,43.5988,0.0,17.0
solomon_r202,2,DFR,demand_mean,0.1,364.14718,348.22474,821.81038,15.92244,390.3237,0.0,0.0,0.0,1.0,43.5988,0.0,17.0
solomon_r202,2,DFR,demand_mean,0.2,366.34222,350.41978,826.99067,15.92244,392.5265,0.0,0.0,0.0,1.0,43.5988,0.0,17.0
solomon_r202,2,DFR,demand_mean,0.3,368.53726,352.61482,832.17096,15.92244,394.73915,0.0,0.0,0.0,1.0,43.5988,0.0,17.0
solomon_r202,2,DFR,demand_var,0.25,361.95227,346.02983,816.6304,15.92244,388.12716,0.0,0.0,0.0,1.0,43.5988,0.0,17.0
solomon_r202,2,DFR,demand_var,0.5,361.95322,346.03078,816.63265,15.92244,388.14031,0.0,0.0,0.0,1.0,43.5988,0.0,17.0
solomon_r202,2,DFR,congestion,0.1,363.00867,346.0297,816.63008,16.97897,390.36448,0.0,0.0,0.0,1.0,64.72943,0.0,17.0
solomon_r202,2,DFR,congestion,0.2,364.52483,346.0297,816.63008,18.49514,393.25774,0.0,0.0,0.0,1.0,95.05272,0.0,17.0
solomon_r202,2,DFR,feas_drop,0.2,361.95214,346.0297,816.63008,15.92244,388.13963,0.0,0.0,0.0,1.0,43.5988,0.0,17.0
solomon_rc101,1,DET,demand_mean,0.1,676.68917,579.60696,1367.87242,97.08221,832.4787,0.06,0.06,4.42585,1.0,1363.04424,0.16,29.0
solomon_rc101,1,DET,demand_mean,0.2,694.41696,591.83938,1396.74093,102.57758,861.45339,0.13,0.135,10.33789,1.0,1359.95166,0.225,29.0
solomon_rc101,1,DET,demand_mean,0.3,715.58243,604.6613,1427.00066,110.92113,906.18846,0.235,0.265,19.74405,1.0,1356.6227,0.325,29.0
solomon_rc101,1,DET,demand_var,0.25,664.24411,568.16789,1340.87622,96.07622,820.70793,0.045,0.045,3.38732,1.0,1363.52442,0.145,29.0
solomon_rc101,1,DET,demand_var,0.5,665.30317,568.24096,1341.04866,97.06221,827.36305,0.05,0.05,3.86532,1.0,1363.04424,0.15,29.0
solomon_rc101,1,DET,congestion,0.1,698.77944,567.78555,1339.97391,130.99389,929.64394,0.035,0.035,2.5392,1.0,1712.27773,0.275,29.0
solomon_rc101,1,DET,congestion,0.2,760.36144,567.20024,1338.59257,193.1612,1107.34471,0.035,0.035,2.5392,1.0,2090.62394,0.505,29.0
solomon_rc101,1,DET,feas_drop,0.2,662.88294,568.02988,1340.55051,94.85306,812.45777,0.035,0.035,2.5392,1.0,1364.46118,0.135,29.0
solomon_rc101,1,SAA,demand_mean,0.1,670.72927,603.4508,1424.14388,67.27847,774.82756,0.02,0.02,1.30816,1.0,886.31943,0.135,31.0
solomon_rc101,1,SAA,demand_mean,0.2,684.51512,614.99008,1451.37658,69.52505,802.63265,0.045,0.055,3.8691,1.0,884.85096,0.155,31.0
solomon_rc101,1,SAA,demand_mean,0.3,703.02989,627.23936,1480.28489,75.79053,842.66649,0.12,0.15,10.6244,1.0,881.36066,0.225,31.0
solomon_rc101,1,SAA,demand_var,0.25,658.72136,592.21027,1397.61623,66.51109,759.76447,0.005,0.005,0.35057,1.0,886.57189,0.125,31.0
solomon_rc101,1,SAA,demand_var,0.5,659.3485,592.32177,1397.87938,67.02673,763.62434,0.015,0.015,0.95759,1.0,886.48462,0.13,31.0
solomon_rc101,1,SAA,congestion,0.1,680.87608,591.93048,1396.95594,88.9456,807.40547,0.0,0.0,0.0,1.0,1145.46192,0.255,31.0
solomon_rc101,1,SAA,congestion,0.2,718.30524,591.43318,1395.78229,126.87206,896.98926,0.0,0.0,0.0,1.0,1423.99126,0.56,31.0
solomon_rc101,1,SAA,feas_drop,0.2,658.40529,592.14178,1397.45461,66.2635,756.30587,0.0,0.0,0.0,1.0,886.8201,0.12,31.0
solomon_rc101,1,Q90C,demand_mean,0.1,705.7778,631.71857,1490.85582,74.05923,811.63781,0.0,0.0,0.0,1.0,1067.78458,0.075,34.0
solomon_rc101,1,Q90C,demand_mean,0.2,717.54432,642.9475,1517.35609,74.59683,826.47023,0.015,0.015,0.49294,1.0,1067.93655,0.085,34.0
solomon_rc101,1,Q90C,demand_mean,0.3,730.59074,654.40621,1544.39865,76.18453,849.6897,0.045,0.05,2.32702,1.0,1068.29067,0.105,34.0
solomon_rc101,1,Q90C,demand_var,0.25,694.64601,620.58678,1464.58481,74.05923,800.68105,0.0,0.0,0.0,1.0,1067.78458,0.075,34.0
solomon_rc101,1,Q90C,demand_var,0.5,694.64874,620.58951,1464.59125,74.05923,801.15826,0.0,0.0,0.0,1.0,1067.78458,0.075,34.0
solomon_rc101,1,Q90C,congestion,0.1,715.62282,620.44806,1464.25742,95.17476,860.23241,0.0,0.0,0.0,1.0,1315.09523,0.18,34.0
solomon_rc101,1,Q90C,congestion,0.2,750.20128,620.09288,1463.41919,130.1084,970.55178,0.0,0.0,0.0,1.0,1613.76798,0.35,34.0
solomon_rc101,1,Q90C,feas_drop,0.2,694.64546,620.58623,1464.58351,74.05923,800.1559,0.0,0.0,0.0,1.0,1067.78458,0.075,34.0
solomon_rc101,1,RO,demand_mean,0.1,692.71843,637.74592,1505.08036,54.97252,786.08302,0.0,0.0,0.0,1.0,739.85032,0.075,32.0
solomon_rc101,1,RO,demand_mean,0.2,705.15206,649.71698,1533.33207,55.43509,801.24968,0.01,0.01,0.90089,1.0,738.7017,0.085,32.0
solomon_rc101,1,RO,demand_mean,0.3,717.39832,661.68324,1561.57244,55.71509,814.20316,0.025,0.025,1.41376,1.0,738.7017,0.09,32.0
solomon_rc101,1,RO,demand_var,0.25,680.83005,625.85754,1477.02379,54.97252,774.42305,0.0,0.0,0.0,1.0,739.85032,0.075,32.0
solomon_rc101,1,RO,demand_var,0.5,681.09696,625.89745,1477.11798,55.19951,777.66552,0.005,0.005,0.45044,1.0,739.19015,0.08,32.0
solomon_rc101,1,RO,congestion,0.1,704.34444,625.65696,1476.55042,78.68749,846.94466,0.0,0.0,0.0,1.0,1024.14973,0.175,32.0
solomon_rc101,1,RO,congestion,0.2,742.81402,625.13175,1475.31093,117.68227,957.59176,0.0,0.0,0.0,1.0,1354.04547,0.395,32.0
solomon_rc101,1,RO,feas_drop,0.2,680.83417,625.86165,1477.0335,54.97252,773.81174,0.0,0.0,0.0,1.0,739.85032,0.075,32.0
solomon_rc101,1,DFR,demand_mean,0.1,653.86569,572.4632,1351.01316,81.40249,754.83541,0.02,0.02,1.23691,1.0,1206.49973,0.12,29.0
solomon_rc101,1,DFR,demand_mean,0.2,667.89525,584.00788,1378.25859,83.88737,785.88519,0.045,0.055,3.72661,1.0,1204.79734,0.14,29.0
solomon_rc101,1,DFR,demand_mean,0.3,687.56748,596.44019,1407.59884,91.12729,830.97151,0.13,0.16,11.08209,1.0,1200.39583,0.22,29.0
solomon_rc101,1,DFR,demand_var,0.25,641.86359,561.2267,1324.49502,80.63689,738.64352,0.005,0.005,0.35057,1.0,1206.78781,0.11,29.0
solomon_rc101,1,DFR,demand_var,0.5,642.48979,561.33795,1324.75757,81.15184,743.30417,0.015,0.015,0.88634,1.0,1206.6868,0.115,29.0
solomon_rc101,1,DFR,congestion,0.1,665.404,560.95325,1323.84968,104.45074,797.79016,0.0,0.0,0.0,1.0,1458.26488,0.255,29.0
solomon_rc101,1,DFR,congestion,0.2,703.19226,560.44042,1322.6394,142.75183,891.38324,0.0,0.0,0.0,1.0,1724.28667,0.565,29.0
solomon_rc101,1,DFR,feas_drop,0.2,641.54022,561.15289,1324.32083,80.38733,734.62525,0.0,0.0,0.0,1.0,1206.99656,0.105,29.0
solomon_rc101,2,DET,demand_mean,0.1,659.11352,563.47048,1329.79034,95.64303,809.79759,0.04,0.04,2.83709,1.0,1159.31062,0.3,27.0
solomon_rc101,2,DET,demand_mean,0.2,673.3867,575.24472,1357.57754,98.14198,830.17602,0.075,0.08,5.34514,1.0,1157.68956,0.325,27.0
solomon_rc101,2,DET,demand_mean,0.3,693.00624,588.04542,1387.78719,104.96082,869.77974,0.15,0.175,13.38544,1.0,1155.26646,0.37,27.0
solomon_rc101,2,DET,demand_var,0.25,646.13103,551.74211,1302.11138,94.38893,795.71687,0.015,0.015,1.00737,1.0,1160.22851,0.28,27.0
solomon_rc101,2,DET,demand_var,0.5,647.23985,551.87432,1302.42339,95.36553,801.08347,0.03,0.03,1.98088,1.0,1159.16057,0.29,27.0
solomon_rc101,2,DET,congestion,0.1,680.47534,551.28552,1301.03382,129.18982,876.98931,0.01,0.01,0.8109,1.0,1436.44647,0.49,27.0
solomon_rc101,2,DET,congestion,0.2,743.63862,550.21485,1298.50705,193.42377,1009.19233,0.01,0.01,0.8109,1.0,1706.12535,1.0,27.0
solomon_rc101,2,DET,feas_drop,0.2,645.84469,551.71523,1302.04795,94.12946,795.22378,0.01,0.01,0.8109,1.0,1160.23922,0.275,27.0
solomon_rc101,2,SAA,demand_mean,0.1,683.74336,602.68141,1422.32812,81.06195,803.34742,0.02,0.02,1.46095,1.0,1101.53904,0.15,32.0
solomon_rc101,2,SAA,demand_mean,0.2,696.16446,613.82755,1448.63301,82.33691,817.6178,0.04,0.04,3.04622,1.0,1101.23828,0.17,32.0
solomon_rc101,2,SAA,demand_mean,0.3,709.8033,625.16664,1475.39328,84.63666,839.50284,0.075,0.075,5.511,1.0,1100.83311,0.2,32.0
solomon_rc101,2,SAA,demand_var,0.25,672.83717,591.77522,1396.58951,81.06195,792.60182,0.02,0.02,1.46095,1.0,1101.53904,0.15,32.0
solomon_rc101,2,SAA,demand_var,0.5,673.11742,591.80795,1396.66676,81.30947,793.14063,0.025,0.025,1.89107,1.0,1101.28942,0.155,32.0
solomon_rc101,2,SAA,congestion,0.1,701.36781,591.4973,1395.93364,109.8705,867.57501,0.015,0.015,1.08016,1.0,1417.91008,0.275,32.0
solomon_rc101,2,SAA,congestion,0.2,747.25819,591.0589,1394.899,156.19929,1004.09903,0.015,0.015,1.08016,1.0,1769.48578,0.445,32.0
solomon_rc101,2,SAA,feas_drop,0.2,672.50924,591.70729,1396.4292,80.80195,791.69882,0.015,0.015,1.08016,1.0,1101.53904,0.145,32.0
solomon_rc101,2,Q90C,demand_mean,0.1,663.33128,599.21642,1414.15074,64.11487,767.42277,0.02,0.02,1.57248,1.0,846.44731,0.095,31.0
solomon_rc101,2,Q90C,demand_mean,0.2,675.5636,610.41873,1440.5882,65.14487,783.39061,0.035,0.035,2.71694,1.0,846.44731,0.11,31.0
solomon_rc101,2,Q90C,demand_mean,0.3,690.96398,622.20786,1468.41055,68.75612,805.42444,0.095,0.095,7.28797,1.0,846.27233,0.165,31.0
solomon_rc101,2,Q90C,demand_var,0.25,651.63089,588.03602,1387.76501,63.59487,754.86338,0.01,0.01,0.8109,1.0,846.44731,0.085,31.0
solomon_rc101,2,Q90C,demand_var,0.5,651.96475,588.10989,1387.93933,63.85487,756.49842,0.015,0.015,1.19169,1.0,846.44731,0.09,31.0
solomon_rc101,2,Q90C,congestion,0.1,676.33805,587.7972,1387.20139,88.54085,838.22285,0.005,0.005,0.40311,1.0,1155.56709,0.17,31.0
solomon_rc101,2,Q90C,congestion,0.2,714.09743,587.40426,1386.27405,126.69318,919.15809,0.005,0.005,0.40311,1.0,1533.61357,0.375,31.0
solomon_rc101,2,Q90C,feas_drop,0.2,651.11224,588.02527,1387.73964,63.08697,751.62285,0.005,0.005,0.40311,1.0,846.48936,0.08,31.0
solomon_rc101,2,RO,demand_mean,0.1,687.17081,606.99775,1432.51469,80.17306,800.73979,0.005,0.01,0.82369,1.0,1134.11124,0.105,30.0
solomon_rc101,2,RO,demand_mean,0.2,699.02184,618.59172,1459.87647,80.43012,812.9518,0.01,0.015,1.19571,1.0,1134.05232,0.11,30.0
solomon_rc101,2,RO,demand_mean,0.3,712.95253,630.52056,1488.02852,82.43197,831.05048,0.04,0.045,3.49548,1.0,1132.88945,0.14,30.0
solomon_rc101,2,RO,demand_var,0.25,675.64259,595.46953,1405.30809,80.17306,789.44478,0.005,0.01,0.82369,1.0,1134.11124,0.105,30.0
solomon_rc101,2,RO,demand_var,0.5,675.63532,595.46225,1405.29092,80.17306,790.05846,0.005,0.01,0.82369,1.0,1134.11124,0.105,30.0
solomon_rc101,2,RO,congestion,0.1,705.4453,595.05055,1404.31929,110.39476,888.51206,0.005,0.005,0.40311,1.0,1388.74513,0.25,30.0
solomon_rc101,2,RO,congestion,0.2,746.57606,594.61732,1403.29688,151.95873,996.66377,0.005,0.005,0.40311,1.0,1700.02468,0.38,30.0
solomon_rc101,2,RO,feas_drop,0.2,675.26838,595.39353,1405.12872,79.87485,785.56011,0.005,0.005,0.40311,1.0,1133.347,0.105,30.0
solomon_rc101,2,DFR,demand_mean,0.1,661.70874,568.85869,1342.5065,92.85006,791.51739,0.005,0.005,0.43012,1.0,1342.80116,0.115,28.0
solomon_rc101,2,DFR,demand_mean,0.2,674.34403,580.21578,1369.30924,94.12825,804.57814,0.03,0.03,1.90601,1.0,1342.36493,0.14,28.0
solomon_rc101,2,DFR,demand_mean,0.3,687.41143,591.69222,1396.39365,95.71921,818.27943,0.07,0.07,3.98402,1.0,1342.58418,0.165,28.0
solomon_rc101,2,DFR,demand_var,0.25,650.59272,557.74266,1316.27267,92.85006,780.62758,0.005,0.005,0.43012,1.0,1342.80116,0.115,28.0
solomon_rc101,2,DFR,demand_var,0.5,650.59324,557.74318,1316.2739,92.85006,781.07611,0.005,0.005,0.43012,1.0,1342.80116,0.115,28.0
solomon_rc101,2,DFR,congestion,0.1,683.88638,557.48888,1315.67377,126.3975,906.61281,0.005,0.005,0.44204,1.0,1628.74994,0.25,28.0
solomon_rc101,2,DFR,congestion,0.2,742.57793,556.66616,1313.73214,185.91177,1112.98075,0.005,0.005,0.44204,1.0,1939.03536,0.44,28.0
solomon_rc101,2,DFR,feas_drop,0.2,650.17357,557.82141,1316.45853,92.35216,777.15393,0.005,0.005,0.44204,1.0,1342.84321,0.115,28.0
solomon_rc201,1,DET,demand_mean,0.1,475.22398,450.56944,1063.34387,24.65455,510.07294,0.0,0.0,0.0,1.0,225.74094,0.005,18.0
solomon_rc201,1,DET,demand_mean,0.2,478.55811,453.90356,1071.2124,24.65455,513.53393,0.0,0.0,0.0,1.0,225.74094,0.005,18.0
solomon_rc201,1,DET,demand_mean,0.3,481.89223,457.23768,1079.08093,24.65455,516.99925,0.0,0.0,0.0,1.0,225.74094,0.005,18.0
solomon_rc201,1,DET,demand_var,0.25,471.88988,447.23534,1055.4754,24.65455,506.76151,0.0,0.0,0.0,1.0,225.74094,0.005,18.0
solomon_rc201,1,DET,demand_var,0.5,471.89194,447.23739,1055.48024,24.65455,506.90071,0.0,0.0,0.0,1.0,225.74094,0.005,18.0
solomon_rc201,1,DET,congestion,0.1,476.57178,447.23531,1055.47534,29.33646,516.04516,0.0,0.0,0.0,1.0,319.3792,0.005,18.0
solomon_rc201,1,DET,congestion,0.2,484.29341,447.23025,1055.46339,37.06316,536.85162,0.0,0.0,0.0,1.0,453.91321,0.025,18.0
solomon_rc201,1,DET,feas_drop,0.2,471.88986,447.23531,1055.47534,24.65455,506.62045,0.0,0.0,0.0,1.0,225.74094,0.005,18.0
solomon_rc201,1,SAA,demand_mean,0.1,454.88351,423.09819,998.51173,31.78531,487.0252,0.0,0.0,0.0,1.0,371.80629,0.005,18.0
solomon_rc201,1,SAA,demand_mean,0.2,458.09866,426.31335,1006.0995,31.78531,490.38158,0.0,0.0,0.0,1.0,371.80629,0.005,18.0
solomon_rc201,1,SAA,demand_mean,0.3,461.31381,429.5285,1013.68726,31.78531,493.73797,0.0,0.0,0.0,1.0,371.80629,0.005,18.0
solomon_rc201,1,SAA,demand_var,0.25,451.66836,419.88304,990.92398,31.78531,483.83617,0.0,0.0,0.0,1.0,371.80629,0.005,18.0
solomon_rc201,1,SAA,demand_var,0.5,451.6698,419.88448,990.92738,31.78531,483.99047,0.0,0.0,0.0,1.0,371.80629,0.005,18.0
solomon_rc201,1,SAA,congestion,0.1,454.76056,419.88304,990.92396,34.87753,490.27887,0.0,0.0,0.0,1.0,433.65056,0.005,18.0
solomon_rc201,1,SAA,congestion,0.2,459.81027,419.88058,990.91817,39.92969,507.80927,0.0,0.0,0.0,1.0,514.69373,0.025,18.0
solomon_rc201,1,SAA,feas_drop,0.2,451.66835,419.88304,990.92396,31.78531,483.66881,0.0,0.0,0.0,1.0,371.80629,0.005,18.0
solomon_rc201,1,Q90C,demand_mean,0.1,454.88351,423.09819,998.51173,31.78531,487.0252,0.0,0.0,0.0,1.0,371.80629,0.005,18.0
solomon_rc201,1,Q90C,demand_mean,0.2,458.09866,426.31335,1006.0995,31.78531,490.38158,0.0,0.0,0.0,1.0,371.80629,0.005,18.0
solomon_rc201,1,Q90C,demand_mean,0.3,461.31381,429.5285,1013.68726,31.78531,493.73797,0.0,0.0,0.0,1.0,371.80629,0.005,18.0
solomon_rc201,1,Q90C,demand_var,0.25,451.66836,419.88304,990.92398,31.78531,483.83617,0.0,0.0,0.0,1.0,371.80629,0.005,18.0
solomon_rc201,1,Q90C,demand_var,0.5,451.6698,419.88448,990.92738,31.78531,483.99047,0.0,0.0,0.0,1.0,371.80629,0.005,18.0
solomon_rc201,1,Q90C,congestion,0.1,454.76056,419.88304,990.92396,34.87753,490.27887,0.0,0.0,0.0,1.0,433.65056,0.005,18.0
solomon_rc201,1,Q90C,congestion,0.2,459.81027,419.88058,990.91817,39.92969,507.80927,0.0,0.0,0.0,1.0,514.69373,0.025,18.0
solomon_rc201,1,Q90C,feas_drop,0.2,451.66835,419.88304,990.92396,31.78531,483.66881,0.0,0.0,0.0,1.0,371.80629,0.005,18.0
solomon_rc201,1,RO,demand_mean,0.1,481.58875,424.06571,1000.79508,57.52304,516.99169,0.0,0.0,0.0,1.0,890.66076,0.0,16.0
solomon_rc201,1,RO,demand_mean,0.2,485.43368,427.91065,1009.86912,57.52304,521.02098,0.0,0.0,0.0,1.0,890.66076,0.0,16.0
solomon_rc201,1,RO,demand_mean,0.3,489.27862,431.75558,1018.94317,57.52304,525.05026,0.0,0.0,0.0,1.0,890.66076,0.0,16.0
solomon_rc201,1,RO,demand_var,0.25,477.74382,420.22078,991.72104,57.52304,513.18001,0.0,0.0,0.0,1.0,890.66076,0.0,16.0
solomon_rc201,1,RO,demand_var,0.5,477.7445,420.22146,991.72264,57.52304,513.37721,0.0,0.0,0.0,1.0,890.66076,0.0,16.0
solomon_rc201,1,RO,congestion,0.1,484.31364,420.22078,991.72104,64.09286,525.08457,0.0,0.0,0.0,1.0,1022.05713,0.0,16.0
solomon_rc201,1,RO,congestion,0.2,493.19664,420.22078,991.72104,72.97586,540.0896,0.0,0.0,0.0,1.0,1199.71715,0.0,16.0
solomon_rc201,1,RO,feas_drop,0.2,477.74382,420.22078,991.72104,57.52304,512.96241,0.0,0.0,0.0,1.0,890.66076,0.0,16.0
solomon_rc201,1,DFR,demand_mean,0.1,444.79507,418.63811,987.98594,26.15695,472.67202,0.0,0.0,0.0,1.0,273.63908,0.0,16.0
solomon_rc201,1,DFR,demand_mean,0.2,448.31583,422.15888,996.29495,26.15695,476.34292,0.0,0.0,0.0,1.0,273.63908,0.0,16.0
solomon_rc201,1,DFR,demand_mean,0.3,451.83659,425.67964,1004.60395,26.15695,480.01381,0.0,0.0,0.0,1.0,273.63908,0.0,16.0
solomon_rc201,1,DFR,demand_var,0.25,441.2743,415.11735,979.67694,26.15695,469.17833,0.0,0.0,0.0,1.0,273.63908,0.0,16.0
solomon_rc201,1,DFR,demand_var,0.5,441.27503,415.11807,979.67865,26.15695,469.33987,0.0,0.0,0.0,1.0,273.63908,0.0,16.0
solomon_rc201,1,DFR,congestion,0.1,443.87749,415.11735,979.67694,28.76014,474.5712,0.0,0.0,0.0,1.0,325.70288,0.0,16.0
solomon_rc201,1,DFR,congestion,0.2,447.46375,415.11735,979.67694,32.34641,482.19977,0.0,0.0,0.0,1.0,397.42813,0.0,16.0
solomon_rc201,1,DFR,feas_drop,0.2,441.2743,415.11735,979.67694,26.15695,469.00113,0.0,0.0,0.0,1.0,273.63908,0.0,16.0
solomon_rc201,2,DET,demand_mean,0.1,459.24393,429.75287,1014.21678,29.49106,501.00603,0.0,0.0,0.0,1.0,311.12122,0.02,16.0
solomon_rc201,2,DET,demand_mean,0.2,463.03652,433.54546,1023.16729,29.49106,505.0466,0.0,0.0,0.0,1.0,311.12122,0.02,16.0
solomon_rc201,2,DET,demand_mean,0.3,466.82911,437.33805,1032.1178,29.49106,509.08716,0.0,0.0,0.0,1.0,311.12122,0.02,16.0
solomon_rc201,2,DET,demand_var,0.25,455.45156,425.9605,1005.26678,29.49106,497.26377,0.0,0.0,0.0,1.0,311.12122,0.02,16.0
solomon_rc201,2,DET,demand_var,0.5,455.45235,425.96129,1005.26865,29.49106,497.53346,0.0,0.0,0.0,1.0,311.12122,0.02,16.0
solomon_rc201,2,DET,congestion,0.1,464.61918,425.9506,1005.24342,38.66858,529.58341,0.0,0.0,0.0,1.0,444.6715,0.07,16.0
solomon_rc201,2,DET,congestion,0.2,482.27675,425.90704,1005.14061,56.36971,558.26686,0.0,0.0,0.0,1.0,643.69424,0.22,16.0
solomon_rc201,2,DET,feas_drop,0.2,455.45134,425.96028,1005.26627,29.49106,496.96546,0.0,0.0,0.0,1.0,311.12122,0.02,16.0
solomon_rc201,2,SAA,demand_mean,0.1,472.63128,431.30715,1017.88488,41.32413,500.46302,0.0,0.0,0.0,1.0,581.28254,0.0,16.0
solomon_rc201,2,SAA,demand_mean,0.2,475.924,434.59987,1025.6557,41.32413,503.98231,0.0,0.0,0.0,1.0,581.28254,0.0,16.0
solomon_rc201,2,SAA,demand_mean,0.3,479.21672,437.8926,1033.42653,41.32413,507.50949,0.0,0.0,0.0,1.0,581.28254,0.0,16.0
solomon_rc201,2,SAA,demand_var,0.25,469.33861,428.01448,1010.11418,41.32413,497.21116,0.0,0.0,0.0,1.0,581.28254,0.0,16.0
solomon_rc201,2,SAA,demand_var,0.5,469.33913,428.015,1010.11541,41.32413,497.45292,0.0,0.0,0.0,1.0,581.28254,0.0,16.0
solomon_rc201,2,SAA,congestion,0.1,473.0583,428.01443,1010.11406,45.04387,503.59666,0.0,0.0,0.0,1.0,655.67738,0.0,16.0
solomon_rc201,2,SAA,congestion,0.2,478.21741,428.01443,1010.11406,50.20297,512.83266,0.0,0.0,0.0,1.0,758.85949,0.0,16.0
solomon_rc201,2,SAA,feas_drop,0.2,469.33856,428.01443,1010.11406,41.32413,496.94374,0.0,0.0,0.0,1.0,581.28254,0.0,16.0
solomon_rc201,2,Q90C,demand_mean,0.1,472.63128,431.30715,1017.88488,41.32413,500.46302,0.0,0.0,0.0,1.0,581.28254,0.0,16.0
solomon_rc201,2,Q90C,demand_mean,0.2,475.924,434.59987,1025.6557,41.32413,503.98231,0.0,0.0,0.0,1.0,581.28254,0.0,16.0
solomon_rc201,2,Q90C,demand_mean,0.3,479.21672,437.8926,1033.42653,41.32413,507.50949,0.0,0.0,0.0,1.0,581.28254,0.0,16.0
solomon_rc201,2,Q90C,demand_var,0.25,469.33861,428.01448,1010.11418,41.32413,497.21116,0.0,0.0,0.0,1.0,581.28254,0.0,16.0
solomon_rc201,2,Q90C,demand_var,0.5,469.33913,428.015,1010.11541,41.32413,497.45292,0.0,0.0,0.0,1.0,581.28254,0.0,16.0
solomon_rc201,2,Q90C,congestion,0.1,473.0583,428.01443,1010.11406,45.04387,503.59666,0.0,0.0,0.0,1.0,655.67738,0.0,16.0
solomon_rc201,2,Q90C,congestion,0.2,478.21741,428.01443,1010.11406,50.20297,512.83266,0.0,0.0,0.0,1.0,758.85949,0.0,16.0
solomon_rc201,2,Q90C,feas_drop,0.2,469.33856,428.01443,1010.11406,41.32413,496.94374,0.0,0.0,0.0,1.0,581.28254,0.0,16.0
solomon_rc201,2,RO,demand_mean,0.1,406.96812,365.47952,862.53166,41.4886,434.18887,0.0,0.0,0.0,1.0,554.92207,0.0,16.0
solomon_rc201,2,RO,demand_mean,0.2,409.98675,368.49815,869.65563,41.4886,437.40495,0.0,0.0,0.0,1.0,554.92207,0.0,16.0
solomon_rc201,2,RO,demand_mean,0.3,413.00538,371.51678,876.7796,41.4886,440.62198,0.0,0.0,0.0,1.0,554.92207,0.0,16.0
solomon_rc201,2,RO,demand_var,0.25,403.94955,362.46094,855.40783,41.4886,431.20562,0.0,0.0,0.0,1.0,554.92207,0.0,16.0
solomon_rc201,2,RO,demand_var,0.5,403.9499,362.4613,855.40866,41.4886,431.41836,0.0,0.0,0.0,1.0,554.92207,0.0,16.0
solomon_rc201,2,RO,congestion,0.1,406.42075,362.46089,855.4077,43.95986,434.57892,0.0,0.0,0.0,1.0,604.34717,0.0,16.0
solomon_rc201,2,RO,congestion,0.2,409.12621,362.46089,855.4077,46.66532,438.72765,0.0,0.0,0.0,1.0,658.45645,0.0,16.0
solomon_rc201,2,RO,feas_drop,0.2,403.94949,362.46089,855.4077,41.4886,430.98829,0.0,0.0,0.0,1.0,554.92207,0.0,16.0
solomon_rc201,2,DFR,demand_mean,0.1,472.63128,431.30715,1017.88488,41.32413,500.46302,0.0,0.0,0.0,1.0,581.28254,0.0,16.0
solomon_rc201,2,DFR,demand_mean,0.2,475.924,434.59987,1025.6557,41.32413,503.98231,0.0,0.0,0.0,1.0,581.28254,0.0,16.0
solomon_rc201,2,DFR,demand_mean,0.3,479.21672,437.8926,1033.42653,41.32413,507.50949,0.0,0.0,0.0,1.0,581.28254,0.0,16.0
solomon_rc201,2,DFR,demand_var,0.25,469.33861,428.01448,1010.11418,41.32413,497.21116,0.0,0.0,0.0,1.0,581.28254,0.0,16.0
solomon_rc201,2,DFR,demand_var,0.5,469.33913,428.015,1010.11541,41.32413,497.45292,0.0,0.0,0.0,1.0,581.28254,0.0,16.0
solomon_rc201,2,DFR,congestion,0.1,473.0583,428.01443,1010.11406,45.04387,503.59666,0.0,0.0,0.0,1.0,655.67738,0.0,16.0
solomon_rc201,2,DFR,congestion,0.2,478.21741,428.01443,1010.11406,50.20297,512.83266,0.0,0.0,0.0,1.0,758.85949,0.0,16.0
solomon_rc201,2,DFR,feas_drop,0.2,469.33856,428.01443,1010.11406,41.32413,496.94374,0.0,0.0,0.0,1.0,581.28254,0.0,16.0
