source,n_units,cv_p25,cv_median,cv_p75
NYC_DSNY_district,59,0.07093601924060372,0.07731409571856557,0.10279562757290159
Austin_route,708,0.2210279375156839,0.29943103077072886,0.4288006701192348
